-- phpMyAdmin SQL Dump
-- version 4.9.7
-- https://www.phpmyadmin.net/
--
-- Host: localhost:3306
-- Generation Time: Apr 18, 2022 at 08:52 AM
-- Server version: 5.7.37
-- PHP Version: 7.4.28

SET SQL_MODE = "NO_AUTO_VALUE_ON_ZERO";
SET AUTOCOMMIT = 0;
START TRANSACTION;
SET time_zone = "+00:00";


/*!40101 SET @OLD_CHARACTER_SET_CLIENT=@@CHARACTER_SET_CLIENT */;
/*!40101 SET @OLD_CHARACTER_SET_RESULTS=@@CHARACTER_SET_RESULTS */;
/*!40101 SET @OLD_COLLATION_CONNECTION=@@COLLATION_CONNECTION */;
/*!40101 SET NAMES utf8mb4 */;

--
-- Database: `trendway_society`
--

-- --------------------------------------------------------

--
-- Table structure for table `banks`
--

CREATE TABLE `banks` (
  `id` bigint(100) NOT NULL,
  `bank_name` varchar(200) NOT NULL,
  `ifsc` varchar(200) NOT NULL
) ENGINE=InnoDB DEFAULT CHARSET=latin1;

--
-- Dumping data for table `banks`
--

INSERT INTO `banks` (`id`, `bank_name`, `ifsc`) VALUES
(1, 'URBAN BANK', '1234567'),
(2, 'CENRAL BANK OF INDIA', '');

-- --------------------------------------------------------

--
-- Table structure for table `expense_detail`
--

CREATE TABLE `expense_detail` (
  `id` bigint(100) NOT NULL,
  `date` date NOT NULL,
  `time` time NOT NULL,
  `expense_amount` double NOT NULL,
  `paymode` varchar(100) NOT NULL,
  `cheque_date` date NOT NULL,
  `cheque_number` varchar(200) NOT NULL,
  `cheque_bank_id` bigint(100) NOT NULL,
  `type` varchar(100) NOT NULL,
  `description` varchar(500) NOT NULL,
  `transaction_id` bigint(200) NOT NULL
) ENGINE=InnoDB DEFAULT CHARSET=latin1;

-- --------------------------------------------------------

--
-- Table structure for table `financial_years`
--

CREATE TABLE `financial_years` (
  `id` bigint(100) NOT NULL,
  `financial_year` varchar(200) DEFAULT NULL,
  `from_date` date DEFAULT NULL,
  `to_date` date DEFAULT NULL,
  `active` int(10) NOT NULL,
  `loan_count` int(200) DEFAULT NULL,
  `total_transaction` bigint(200) NOT NULL
) ENGINE=InnoDB DEFAULT CHARSET=latin1;

--
-- Dumping data for table `financial_years`
--

INSERT INTO `financial_years` (`id`, `financial_year`, `from_date`, `to_date`, `active`, `loan_count`, `total_transaction`) VALUES
(1, '2020-2021', '2020-03-01', '2021-03-31', 1, 136, 1390);

-- --------------------------------------------------------

--
-- Table structure for table `loan_details`
--

CREATE TABLE `loan_details` (
  `id` bigint(100) NOT NULL,
  `loan_id` bigint(100) NOT NULL,
  `teacher_id` bigint(200) NOT NULL,
  `school_id` bigint(100) NOT NULL,
  `issued_date` date NOT NULL,
  `issued_time` time DEFAULT NULL,
  `loan_amount` double NOT NULL,
  `interest_percentage` double DEFAULT NULL,
  `loan_installment` double DEFAULT NULL,
  `interest_amount` double DEFAULT NULL,
  `bank_id` bigint(100) NOT NULL,
  `status` varchar(200) NOT NULL DEFAULT 'PENDING',
  `entrytime` timestamp NOT NULL DEFAULT CURRENT_TIMESTAMP,
  `transaction_id` bigint(200) NOT NULL
) ENGINE=InnoDB DEFAULT CHARSET=latin1;

--
-- Dumping data for table `loan_details`
--

INSERT INTO `loan_details` (`id`, `loan_id`, `teacher_id`, `school_id`, `issued_date`, `issued_time`, `loan_amount`, `interest_percentage`, `loan_installment`, `interest_amount`, `bank_id`, `status`, `entrytime`, `transaction_id`) VALUES
(1, 121, 22, 3, '2021-03-31', '21:41:00', 95000, NULL, NULL, NULL, 1, 'PENDING', '2022-01-16 16:12:16', 903),
(2, 122, 26, 3, '2021-03-31', '21:42:00', 110000, NULL, NULL, NULL, 1, 'PENDING', '2022-01-16 16:12:40', 904),
(3, 123, 27, 3, '2021-03-31', '21:43:00', 95000, NULL, NULL, NULL, 1, 'PENDING', '2022-01-16 16:14:01', 905),
(4, 124, 99, 15, '2021-03-31', '20:10:00', 28754, NULL, NULL, NULL, 1, 'PENDING', '2022-01-27 14:41:43', 1051),
(5, 124, 99, 15, '2021-06-24', '20:10:00', 150000, NULL, NULL, NULL, 1, 'PENDING', '2022-01-27 14:46:38', 1053),
(6, 125, 101, 15, '2021-03-31', '20:18:00', 73328, NULL, NULL, NULL, 1, 'PENDING', '2022-01-27 14:49:13', 1054),
(7, 126, 102, 15, '2021-03-31', '20:19:00', 115000, NULL, NULL, NULL, 1, 'PENDING', '2022-01-27 14:50:16', 1055),
(8, 127, 105, 15, '2021-03-31', '20:20:00', 145000, NULL, NULL, NULL, 1, 'PENDING', '2022-01-27 14:51:00', 1056),
(9, 128, 103, 15, '2021-03-31', '20:21:00', 115000, NULL, NULL, NULL, 1, 'PENDING', '2022-01-27 14:51:29', 1057),
(10, 129, 44, 6, '2021-03-31', '20:21:00', 85000, NULL, NULL, NULL, 1, 'PENDING', '2022-01-27 14:52:07', 1058),
(11, 130, 46, 6, '2021-03-31', '20:22:00', 56146, NULL, NULL, NULL, 1, 'PENDING', '2022-01-27 14:52:44', 1059),
(12, 131, 100, 15, '2021-02-06', '20:26:00', 150000, NULL, NULL, NULL, 1, 'PENDING', '2022-01-27 14:56:23', 1060),
(13, 132, 37, 4, '2021-03-31', '08:12:00', 43322, NULL, NULL, NULL, 1, 'PENDING', '2022-02-10 02:44:06', 1061),
(14, 133, 1, 1, '2021-03-31', '09:51:00', 0, NULL, NULL, NULL, 1, 'PENDING', '2022-02-10 04:21:38', 1153),
(15, 134, 2, 1, '2021-03-31', '09:51:00', 105000, NULL, NULL, NULL, 1, 'PENDING', '2022-02-10 04:22:16', 1154),
(16, 135, 3, 1, '2021-03-31', '09:52:00', 105000, NULL, NULL, NULL, 1, 'PENDING', '2022-02-10 04:22:54', 1155),
(17, 136, 10, 1, '2021-03-31', '09:53:00', 110000, 1, 5000, 775, 1, 'PENDING', '2022-02-10 04:23:19', 1156),
(18, 137, 5, 1, '2021-03-31', '09:53:00', 130632, NULL, NULL, NULL, 1, 'PENDING', '2022-02-10 04:23:51', 1157),
(19, 138, 6, 1, '2021-03-31', '09:54:00', 0, NULL, NULL, NULL, 0, 'PENDING', '2022-02-10 04:24:17', 1158),
(20, 139, 7, 1, '2021-03-31', '09:54:00', 145000, NULL, NULL, NULL, 1, 'PENDING', '2022-02-10 04:24:41', 1159),
(21, 140, 8, 1, '2021-03-31', '09:54:00', 46798, NULL, NULL, NULL, 0, 'PENDING', '2022-02-10 04:24:59', 1160),
(22, 141, 9, 1, '2021-03-31', '09:55:00', 145000, NULL, NULL, NULL, 1, 'PENDING', '2022-02-10 04:25:27', 1161),
(23, 142, 12, 2, '2021-03-31', '10:32:00', 9982, 1, 3334, 616, 1, 'PENDING', '2022-03-01 05:02:53', 1210),
(24, 143, 13, 2, '2021-03-31', '10:34:00', 140000, NULL, NULL, NULL, 1, 'PENDING', '2022-03-01 05:05:13', 1211),
(25, 144, 17, 2, '2021-03-31', '10:35:00', 85000, NULL, NULL, NULL, 1, 'PENDING', '2022-03-01 05:05:40', 1212),
(26, 145, 18, 2, '2021-03-31', '10:35:00', 95000, NULL, NULL, NULL, 1, 'PENDING', '2022-03-01 05:06:15', 1213),
(27, 146, 19, 2, '2021-03-31', '10:36:00', 140000, NULL, NULL, NULL, 1, 'PENDING', '2022-03-01 05:06:41', 1214),
(28, 147, 20, 2, '2021-03-31', '10:37:00', 76662, NULL, NULL, NULL, 1, 'PENDING', '2022-03-01 05:07:32', 1215),
(29, 121, 22, 3, '2021-07-03', '21:41:00', 150000, NULL, NULL, NULL, 1, 'PENDING', '2022-03-01 05:18:17', 1217),
(30, 122, 26, 3, '2021-06-23', '21:42:00', 150000, NULL, NULL, NULL, 1, 'PENDING', '2022-03-01 05:24:40', 1220),
(31, 123, 27, 3, '2021-08-11', '21:43:00', 150000, NULL, NULL, NULL, 1, 'PENDING', '2022-03-01 05:43:00', 1228),
(32, 124, 50, 7, '2021-03-31', '11:15:00', 52487, NULL, NULL, NULL, 1, 'PENDING', '2022-03-01 05:46:00', 1230),
(33, 125, 51, 7, '2021-03-31', '11:16:00', 56658, NULL, NULL, NULL, 1, 'PENDING', '2022-03-01 05:46:37', 1231),
(34, 126, 54, 7, '2021-03-31', '11:16:00', 126662, NULL, NULL, NULL, 1, 'PENDING', '2022-03-01 05:47:15', 1232),
(35, 124, 50, 7, '2021-04-30', '11:15:00', 150000, NULL, NULL, NULL, 1, 'PENDING', '2022-03-01 05:50:37', 1234),
(36, 125, 65, 9, '2021-03-31', '11:34:00', 63332, NULL, NULL, NULL, 1, 'PENDING', '2022-03-01 06:04:57', 1247),
(37, 126, 69, 9, '2021-03-31', '11:35:00', 150000, NULL, NULL, NULL, 1, 'PENDING', '2022-03-01 06:05:25', 1248),
(38, 127, 70, 9, '2021-03-31', '11:35:00', 100000, NULL, NULL, NULL, 1, 'PENDING', '2022-03-01 06:05:50', 1249),
(39, 128, 71, 9, '2021-03-31', '11:36:00', 145000, NULL, NULL, NULL, 1, 'PENDING', '2022-03-01 06:06:25', 1250),
(40, 129, 60, 8, '2021-03-31', '12:15:00', 66660, NULL, NULL, NULL, 1, 'PENDING', '2022-03-01 06:46:13', 1251),
(41, 130, 63, 8, '2021-03-31', '12:16:00', 127658, NULL, NULL, NULL, 1, 'PENDING', '2022-03-01 06:47:25', 1252),
(42, 131, 59, 8, '2021-03-31', '12:17:00', 150000, NULL, NULL, NULL, 1, 'PENDING', '2022-03-01 06:48:11', 1253),
(44, 133, 64, 8, '2021-03-31', '12:20:00', 150000, NULL, NULL, NULL, 1, 'PENDING', '2022-03-01 06:50:20', 1255),
(46, 133, 73, 10, '2021-03-31', '22:00:00', 47136, NULL, NULL, NULL, 1, 'PENDING', '2022-03-01 16:31:01', 1304);

-- --------------------------------------------------------

--
-- Table structure for table `loan_ledger`
--

CREATE TABLE `loan_ledger` (
  `id` bigint(100) NOT NULL,
  `teacher_id` bigint(200) NOT NULL,
  `school_id` bigint(100) NOT NULL,
  `loan_id` bigint(100) NOT NULL,
  `date` date NOT NULL,
  `time` time DEFAULT NULL,
  `to_bank` int(100) NOT NULL,
  `loan` double NOT NULL,
  `interest` double NOT NULL,
  `debit` double NOT NULL,
  `credit` double NOT NULL,
  `pay_mode` varchar(100) DEFAULT NULL,
  `cheque_number` varchar(100) DEFAULT NULL,
  `cheque_date` date DEFAULT NULL,
  `cheque_bank` int(100) DEFAULT NULL,
  `pay_for` varchar(100) DEFAULT NULL,
  `whotheyare` varchar(500) DEFAULT NULL,
  `entry_time` timestamp NOT NULL DEFAULT CURRENT_TIMESTAMP ON UPDATE CURRENT_TIMESTAMP,
  `transaction_id` bigint(200) NOT NULL
) ENGINE=InnoDB DEFAULT CHARSET=latin1;

--
-- Dumping data for table `loan_ledger`
--

INSERT INTO `loan_ledger` (`id`, `teacher_id`, `school_id`, `loan_id`, `date`, `time`, `to_bank`, `loan`, `interest`, `debit`, `credit`, `pay_mode`, `cheque_number`, `cheque_date`, `cheque_bank`, `pay_for`, `whotheyare`, `entry_time`, `transaction_id`) VALUES
(1, 22, 3, 121, '2021-03-31', '21:41:00', 0, 0, 0, 95000, 0, NULL, NULL, NULL, NULL, 'LOAN', NULL, '2022-01-16 16:12:16', 903),
(2, 26, 3, 122, '2021-03-31', '21:42:00', 0, 0, 0, 110000, 0, NULL, NULL, NULL, NULL, 'LOAN', NULL, '2022-01-16 16:12:41', 904),
(3, 27, 3, 123, '2021-03-31', '21:43:00', 0, 0, 0, 95000, 0, NULL, NULL, NULL, NULL, 'LOAN', NULL, '2022-01-16 16:14:01', 905),
(4, 22, 3, 0, '2021-04-13', '21:45:10', 1, 5000, 775, 0, 5000, 'CHEQUE', '0', '0000-00-00', 1, 'BULK', '28,25,22,27,26,23', '2022-01-16 16:15:37', 906),
(5, 23, 3, 0, '2021-04-13', '21:45:10', 1, 3334, 616, 0, 3334, 'CHEQUE', '0', '0000-00-00', 1, 'BULK', '28,25,22,27,26,23', '2022-01-16 16:15:37', 906),
(6, 25, 3, 0, '2021-04-13', '21:45:10', 1, 3334, 616, 0, 3334, 'CHEQUE', '0', '0000-00-00', 1, 'BULK', '28,25,22,27,26,23', '2022-01-16 16:15:37', 906),
(7, 26, 3, 0, '2021-04-13', '21:45:10', 1, 5000, 775, 0, 0, 'CHEQUE', '0', '0000-00-00', 1, 'BULK', '28,25,22,27,26,23', '2022-03-01 05:21:36', 906),
(8, 27, 3, 0, '2021-04-13', '21:45:10', 1, 5000, 775, 0, 5000, 'CHEQUE', '0', '0000-00-00', 1, 'BULK', '28,25,22,27,26,23', '2022-01-16 16:15:37', 906),
(9, 28, 3, 0, '2021-04-13', '21:45:10', 1, 3334, 616, 0, 3334, 'CHEQUE', '0', '0000-00-00', 1, 'BULK', '28,25,22,27,26,23', '2022-01-16 16:15:37', 906),
(10, 21, 3, 0, '2021-06-19', '18:02:01', 2, 0, 0, 0, 0, 'CHEQUE', '0', '0000-00-00', 2, 'BULK', '28,25,22,27,26,23,21,24', '2022-01-26 12:32:38', 995),
(11, 22, 3, 0, '2021-06-19', '18:02:01', 2, 10000, 1550, 0, 5000, 'CHEQUE', '0', '0000-00-00', 2, 'BULK', '28,25,22,27,26,23,21,24', '2022-03-01 05:11:42', 995),
(12, 23, 3, 0, '2021-06-19', '18:02:01', 2, 6668, 1232, 0, 6668, 'CHEQUE', '0', '0000-00-00', 2, 'BULK', '28,25,22,27,26,23,21,24', '2022-01-26 12:32:38', 995),
(13, 24, 3, 0, '2021-06-19', '18:02:01', 2, 0, 0, 0, 0, 'CHEQUE', '0', '0000-00-00', 2, 'BULK', '28,25,22,27,26,23,21,24', '2022-01-26 12:32:38', 995),
(14, 25, 3, 0, '2021-06-19', '18:02:01', 2, 6668, 1232, 0, 6668, 'CHEQUE', '0', '0000-00-00', 2, 'BULK', '28,25,22,27,26,23,21,24', '2022-01-26 12:32:38', 995),
(15, 26, 3, 0, '2021-06-19', '18:02:01', 2, 10000, 1550, 0, 10000, 'CHEQUE', '0', '0000-00-00', 2, 'BULK', '28,25,22,27,26,23,21,24', '2022-01-26 12:32:38', 995),
(16, 27, 3, 0, '2021-06-19', '18:02:01', 2, 0, 0, 0, 0, 'CHEQUE', '0', '0000-00-00', 2, 'BULK', '28,25,22,27,26,23,21,24', '2022-01-26 12:32:38', 995),
(17, 28, 3, 0, '2021-06-19', '18:02:01', 2, 6668, 1232, 0, 6668, 'CHEQUE', '0', '0000-00-00', 2, 'BULK', '28,25,22,27,26,23,21,24', '2022-01-26 12:32:39', 995),
(18, 21, 3, 0, '2021-07-30', '18:07:43', 2, 0, 0, 0, 0, 'CHEQUE', '0', '0000-00-00', 2, 'BULK', '28,25,22,27,26,23,21,24', '2022-01-26 12:38:20', 1003),
(19, 22, 3, 0, '2021-07-30', '18:07:43', 2, 5000, 775, 0, 5000, 'CHEQUE', '0', '0000-00-00', 2, 'BULK', '28,25,22,27,26,23,21,24', '2022-01-26 12:38:20', 1003),
(20, 23, 3, 0, '2021-07-30', '18:07:43', 2, 0, 0, 0, 0, 'CHEQUE', '0', '0000-00-00', 2, 'BULK', '28,25,22,27,26,23,21,24', '2022-01-26 12:38:20', 1003),
(21, 24, 3, 0, '2021-07-30', '18:07:43', 2, 0, 0, 0, 0, 'CHEQUE', '0', '0000-00-00', 2, 'BULK', '28,25,22,27,26,23,21,24', '2022-01-26 12:38:20', 1003),
(22, 25, 3, 0, '2021-07-30', '18:07:43', 2, 0, 0, 0, 0, 'CHEQUE', '0', '0000-00-00', 2, 'BULK', '28,25,22,27,26,23,21,24', '2022-01-26 12:38:20', 1003),
(23, 26, 3, 0, '2021-07-30', '18:07:43', 2, 5000, 775, 0, 5000, 'CHEQUE', '0', '0000-00-00', 2, 'BULK', '28,25,22,27,26,23,21,24', '2022-01-26 12:38:20', 1003),
(24, 27, 3, 0, '2021-07-30', '18:07:43', 2, 5000, 775, 0, 5000, 'CHEQUE', '0', '0000-00-00', 2, 'BULK', '28,25,22,27,26,23,21,24', '2022-01-26 12:38:20', 1003),
(25, 28, 3, 0, '2021-07-30', '18:07:43', 2, 0, 0, 0, 0, 'CHEQUE', '0', '0000-00-00', 2, 'BULK', '28,25,22,27,26,23,21,24', '2022-01-26 12:38:20', 1003),
(26, 21, 3, 0, '2021-08-12', '18:09:28', 2, 0, 0, 0, 0, 'CHEQUE', '0', '0000-00-00', 2, 'BULK', '28,25,22,27,26,23,21,24', '2022-01-26 12:40:39', 1011),
(27, 22, 3, 0, '2021-08-12', '18:09:28', 2, 5000, 775, 0, 5000, 'CHEQUE', '0', '0000-00-00', 2, 'BULK', '28,25,22,27,26,23,21,24', '2022-01-26 12:40:39', 1011),
(28, 23, 3, 0, '2021-08-12', '18:09:28', 2, 0, 0, 0, 0, 'CHEQUE', '0', '0000-00-00', 2, 'BULK', '28,25,22,27,26,23,21,24', '2022-01-26 12:40:39', 1011),
(29, 24, 3, 0, '2021-08-12', '18:09:28', 2, 0, 0, 0, 0, 'CHEQUE', '0', '0000-00-00', 2, 'BULK', '28,25,22,27,26,23,21,24', '2022-01-26 12:40:39', 1011),
(30, 25, 3, 0, '2021-08-12', '18:09:28', 2, 0, 0, 0, 0, 'CHEQUE', '0', '0000-00-00', 2, 'BULK', '28,25,22,27,26,23,21,24', '2022-01-26 12:40:39', 1011),
(31, 26, 3, 0, '2021-08-12', '18:09:28', 2, 5000, 775, 0, 5000, 'CHEQUE', '0', '0000-00-00', 2, 'BULK', '28,25,22,27,26,23,21,24', '2022-01-26 12:40:39', 1011),
(32, 27, 3, 0, '2021-08-12', '18:09:28', 2, 5000, 775, 0, 5000, 'CHEQUE', '0', '0000-00-00', 2, 'BULK', '28,25,22,27,26,23,21,24', '2022-01-26 12:40:39', 1011),
(33, 28, 3, 0, '2021-08-12', '18:09:28', 2, 0, 0, 0, 0, 'CHEQUE', '0', '0000-00-00', 2, 'BULK', '28,25,22,27,26,23,21,24', '2022-01-26 12:40:39', 1011),
(34, 21, 3, 0, '2021-09-16', '18:11:20', 2, 0, 0, 0, 0, '', '0', '0000-00-00', 2, 'BULK', '28,25,22,27,26,23,21,24', '2022-01-26 12:41:38', 1019),
(35, 22, 3, 0, '2021-09-16', '18:11:20', 2, 5000, 775, 0, 5000, '', '0', '0000-00-00', 2, 'BULK', '28,25,22,27,26,23,21,24', '2022-01-26 12:41:38', 1019),
(36, 23, 3, 0, '2021-09-16', '18:11:20', 2, 0, 0, 0, 0, '', '0', '0000-00-00', 2, 'BULK', '28,25,22,27,26,23,21,24', '2022-01-26 12:41:38', 1019),
(37, 24, 3, 0, '2021-09-16', '18:11:20', 2, 0, 0, 0, 0, '', '0', '0000-00-00', 2, 'BULK', '28,25,22,27,26,23,21,24', '2022-01-26 12:41:38', 1019),
(38, 25, 3, 0, '2021-09-16', '18:11:20', 2, 0, 0, 0, 0, '', '0', '0000-00-00', 2, 'BULK', '28,25,22,27,26,23,21,24', '2022-01-26 12:41:38', 1019),
(39, 26, 3, 0, '2021-09-16', '18:11:20', 2, 5000, 775, 0, 5000, '', '0', '0000-00-00', 2, 'BULK', '28,25,22,27,26,23,21,24', '2022-01-26 12:41:38', 1019),
(40, 27, 3, 0, '2021-09-16', '18:11:20', 2, 5000, 775, 0, 5000, '', '0', '0000-00-00', 2, 'BULK', '28,25,22,27,26,23,21,24', '2022-01-26 12:41:38', 1019),
(41, 28, 3, 0, '2021-09-16', '18:11:20', 2, 0, 0, 0, 0, '', '0', '0000-00-00', 2, 'BULK', '28,25,22,27,26,23,21,24', '2022-01-26 12:41:38', 1019),
(42, 21, 3, 0, '2021-10-28', '18:12:11', 2, 0, 0, 0, 0, 'CHEQUE', '0', '0000-00-00', 2, 'BULK', '28,25,22,27,26,23,21,24', '2022-01-26 12:42:26', 1027),
(43, 22, 3, 0, '2021-10-28', '18:12:11', 2, 5000, 775, 0, 5000, 'CHEQUE', '0', '0000-00-00', 2, 'BULK', '28,25,22,27,26,23,21,24', '2022-01-26 12:42:26', 1027),
(44, 23, 3, 0, '2021-10-28', '18:12:11', 2, 0, 0, 0, 0, 'CHEQUE', '0', '0000-00-00', 2, 'BULK', '28,25,22,27,26,23,21,24', '2022-01-26 12:42:26', 1027),
(45, 24, 3, 0, '2021-10-28', '18:12:11', 2, 0, 0, 0, 0, 'CHEQUE', '0', '0000-00-00', 2, 'BULK', '28,25,22,27,26,23,21,24', '2022-01-26 12:42:26', 1027),
(46, 25, 3, 0, '2021-10-28', '18:12:11', 2, 0, 0, 0, 0, 'CHEQUE', '0', '0000-00-00', 2, 'BULK', '28,25,22,27,26,23,21,24', '2022-01-26 12:42:27', 1027),
(47, 26, 3, 0, '2021-10-28', '18:12:11', 2, 5000, 775, 0, 5000, 'CHEQUE', '0', '0000-00-00', 2, 'BULK', '28,25,22,27,26,23,21,24', '2022-01-26 12:42:27', 1027),
(48, 27, 3, 0, '2021-10-28', '18:12:11', 2, 5000, 775, 0, 5000, 'CHEQUE', '0', '0000-00-00', 2, 'BULK', '28,25,22,27,26,23,21,24', '2022-01-26 12:42:27', 1027),
(49, 28, 3, 0, '2021-10-28', '18:12:11', 2, 0, 0, 0, 0, 'CHEQUE', '0', '0000-00-00', 2, 'BULK', '28,25,22,27,26,23,21,24', '2022-01-26 12:42:27', 1027),
(50, 21, 3, 0, '2021-12-02', '18:13:34', 1, 0, 0, 0, 0, 'CHEQUE', '000017', '0000-00-00', 1, 'BULK', '28,25,22,27,26,23,21,24', '2022-01-26 12:44:18', 1035),
(51, 22, 3, 0, '2021-12-02', '18:13:34', 1, 5000, 775, 0, 5000, 'CHEQUE', '000017', '0000-00-00', 1, 'BULK', '28,25,22,27,26,23,21,24', '2022-01-26 12:44:18', 1035),
(52, 23, 3, 0, '2021-12-02', '18:13:34', 1, 0, 0, 0, 0, 'CHEQUE', '000017', '0000-00-00', 1, 'BULK', '28,25,22,27,26,23,21,24', '2022-01-26 12:44:18', 1035),
(53, 24, 3, 0, '2021-12-02', '18:13:34', 1, 0, 0, 0, 0, 'CHEQUE', '000017', '0000-00-00', 1, 'BULK', '28,25,22,27,26,23,21,24', '2022-01-26 12:44:18', 1035),
(54, 25, 3, 0, '2021-12-02', '18:13:34', 1, 0, 0, 0, 0, 'CHEQUE', '000017', '0000-00-00', 1, 'BULK', '28,25,22,27,26,23,21,24', '2022-01-26 12:44:18', 1035),
(55, 26, 3, 0, '2021-12-02', '18:13:34', 1, 5000, 775, 0, 5000, 'CHEQUE', '000017', '0000-00-00', 1, 'BULK', '28,25,22,27,26,23,21,24', '2022-01-26 12:44:18', 1035),
(56, 27, 3, 0, '2021-12-02', '18:13:34', 1, 5000, 775, 0, 5000, 'CHEQUE', '000017', '0000-00-00', 1, 'BULK', '28,25,22,27,26,23,21,24', '2022-01-26 12:44:18', 1035),
(57, 28, 3, 0, '2021-12-02', '18:13:34', 1, 0, 0, 0, 0, 'CHEQUE', '000017', '0000-00-00', 1, 'BULK', '28,25,22,27,26,23,21,24', '2022-01-26 12:44:18', 1035),
(58, 21, 3, 0, '2021-12-29', '18:16:38', 1, 0, 0, 0, 0, 'CHEQUE', '000022', '0000-00-00', 1, 'BULK', '28,25,22,27,26,23,21,24', '2022-01-26 12:47:02', 1051),
(59, 22, 3, 0, '2021-12-29', '18:16:38', 1, 5000, 775, 0, 5000, 'CHEQUE', '000022', '0000-00-00', 1, 'BULK', '28,25,22,27,26,23,21,24', '2022-01-26 12:47:02', 1051),
(60, 23, 3, 0, '2021-12-29', '18:16:38', 1, 0, 0, 0, 0, 'CHEQUE', '000022', '0000-00-00', 1, 'BULK', '28,25,22,27,26,23,21,24', '2022-01-26 12:47:02', 1051),
(61, 24, 3, 0, '2021-12-29', '18:16:38', 1, 0, 0, 0, 0, 'CHEQUE', '000022', '0000-00-00', 1, 'BULK', '28,25,22,27,26,23,21,24', '2022-01-26 12:47:02', 1051),
(62, 25, 3, 0, '2021-12-29', '18:16:38', 1, 0, 0, 0, 0, 'CHEQUE', '000022', '0000-00-00', 1, 'BULK', '28,25,22,27,26,23,21,24', '2022-01-26 12:47:02', 1051),
(63, 26, 3, 0, '2021-12-29', '18:16:38', 1, 5000, 775, 0, 5000, 'CHEQUE', '000022', '0000-00-00', 1, 'BULK', '28,25,22,27,26,23,21,24', '2022-01-26 12:47:02', 1051),
(64, 27, 3, 0, '2021-12-29', '18:16:38', 1, 5000, 775, 0, 5000, 'CHEQUE', '000022', '0000-00-00', 1, 'BULK', '28,25,22,27,26,23,21,24', '2022-01-26 12:47:02', 1051),
(65, 28, 3, 0, '2021-12-29', '18:16:38', 1, 0, 0, 0, 0, 'CHEQUE', '000022', '0000-00-00', 1, 'BULK', '28,25,22,27,26,23,21,24', '2022-01-26 12:47:02', 1051),
(66, 99, 15, 124, '2021-03-31', '20:10:00', 0, 0, 0, 28754, 0, NULL, NULL, NULL, NULL, 'LOAN', NULL, '2022-01-27 14:41:43', 1051),
(67, 99, 15, 0, '2021-06-24', '20:14:36', 1, 28754, 1246, 0, 28754, 'CASH', '0', '0000-00-00', 1, 'INDIVIDUAL', '99', '2022-01-27 14:45:21', 1052),
(68, 99, 15, 124, '2021-06-24', '20:10:00', 0, 0, 0, 150000, 0, NULL, NULL, NULL, NULL, 'LOAN', NULL, '2022-01-27 14:46:38', 1053),
(69, 101, 15, 125, '2021-03-31', '20:18:00', 0, 0, 0, 73328, 0, NULL, NULL, NULL, NULL, 'LOAN', NULL, '2022-01-27 14:49:13', 1054),
(70, 102, 15, 126, '2021-03-31', '20:19:00', 0, 0, 0, 115000, 0, NULL, NULL, NULL, NULL, 'LOAN', NULL, '2022-01-27 14:50:16', 1055),
(71, 105, 15, 127, '2021-03-31', '20:20:00', 0, 0, 0, 145000, 0, NULL, NULL, NULL, NULL, 'LOAN', NULL, '2022-01-27 14:51:01', 1056),
(72, 103, 15, 128, '2021-03-31', '20:21:00', 0, 0, 0, 115000, 0, NULL, NULL, NULL, NULL, 'LOAN', NULL, '2022-01-27 14:51:29', 1057),
(73, 44, 6, 129, '2021-03-31', '20:21:00', 0, 0, 0, 85000, 0, NULL, NULL, NULL, NULL, 'LOAN', NULL, '2022-01-27 14:52:08', 1058),
(74, 46, 6, 130, '2021-03-31', '20:22:00', 0, 0, 0, 56146, 0, NULL, NULL, NULL, NULL, 'LOAN', NULL, '2022-01-27 14:52:44', 1059),
(75, 100, 15, 131, '2021-02-06', '20:26:00', 0, 0, 0, 150000, 0, NULL, NULL, NULL, NULL, 'LOAN', NULL, '2022-01-27 14:56:23', 1060),
(76, 37, 4, 132, '2021-03-31', '08:12:00', 0, 0, 0, 43322, 0, NULL, NULL, NULL, NULL, 'LOAN', NULL, '2022-02-10 02:44:06', 1061),
(77, 37, 4, 0, '2021-04-27', '08:15:47', 1, 3334, 616, 0, 3334, 'CHEQUE', '0', '0000-00-00', 0, 'BULK', '37', '2022-02-10 02:46:10', 1071),
(78, 37, 4, 0, '2021-06-11', '08:18:44', 1, 3334, 616, 0, 3334, 'CHEQUE', '0', '0000-00-00', 0, 'BULK', '37', '2022-02-10 02:49:00', 1089),
(79, 37, 4, 0, '2021-06-11', '08:19:04', 1, 3334, 616, 0, 3334, 'CHEQUE', '0', '0000-00-00', 0, 'BULK', '37', '2022-02-10 02:49:16', 1089),
(80, 37, 4, 0, '2021-07-14', '08:20:26', 1, 3334, 616, 0, 3334, 'CHEQUE', '0', '0000-00-00', 0, 'BULK', '37', '2022-02-10 02:50:38', 1098),
(81, 37, 4, 0, '2021-08-10', '08:26:51', 1, 3334, 616, 0, 3334, 'CHEQUE', '0', '0000-00-00', 0, 'BULK', '37', '2022-02-10 02:57:07', 1107),
(82, 37, 4, 0, '2021-09-16', '08:27:54', 1, 3334, 616, 0, 3334, '', '0', '0000-00-00', 0, 'BULK', '37', '2022-02-10 02:58:08', 1116),
(83, 37, 4, 0, '2021-10-30', '08:28:46', 1, 3334, 616, 0, 3334, '', '0', '0000-00-00', 0, 'BULK', '37', '2022-02-10 02:58:56', 1125),
(84, 37, 4, 0, '2021-11-17', '08:29:42', 1, 3334, 616, 0, 3334, '', '0', '0000-00-00', 0, 'BULK', '37', '2022-02-10 02:59:51', 1134),
(85, 37, 4, 0, '2022-01-17', '08:30:58', 1, 3334, 616, 0, 3334, '', '0', '0000-00-00', 0, 'BULK', '37', '2022-02-10 03:01:07', 1143),
(86, 37, 4, 0, '2021-12-23', '08:31:57', 1, 3334, 616, 0, 3334, '', '0', '0000-00-00', 0, 'BULK', '37', '2022-02-10 03:02:08', 1152),
(87, 1, 1, 133, '2021-03-31', '09:51:00', 0, 0, 0, 0, 0, NULL, NULL, NULL, NULL, 'LOAN', NULL, '2022-02-10 04:28:56', 1153),
(88, 2, 1, 134, '2021-03-31', '09:51:00', 0, 0, 0, 105000, 0, NULL, NULL, NULL, NULL, 'LOAN', NULL, '2022-02-10 04:29:39', 1154),
(89, 3, 1, 135, '2021-03-31', '09:52:00', 0, 0, 0, 105000, 0, NULL, NULL, NULL, NULL, 'LOAN', NULL, '2022-02-10 04:29:56', 1155),
(90, 10, 1, 136, '2021-03-31', '09:53:00', 0, 0, 0, 110000, 0, NULL, NULL, NULL, NULL, 'LOAN', NULL, '2022-02-10 04:29:18', 1156),
(91, 5, 1, 137, '2021-03-31', '09:53:00', 0, 0, 0, 130632, 0, NULL, NULL, NULL, NULL, 'LOAN', NULL, '2022-02-10 04:30:22', 1157),
(92, 6, 1, 138, '2021-03-31', '09:54:00', 0, 0, 0, 0, 0, NULL, NULL, NULL, NULL, 'LOAN', NULL, '2022-02-10 04:31:33', 1158),
(93, 7, 1, 139, '2021-03-31', '09:54:00', 0, 0, 0, 145000, 0, NULL, NULL, NULL, NULL, 'LOAN', NULL, '2022-02-10 04:30:45', 1159),
(94, 8, 1, 140, '2021-03-31', '09:54:00', 0, 0, 0, 46798, 0, NULL, NULL, NULL, NULL, 'LOAN', NULL, '2022-02-10 04:30:59', 1160),
(95, 9, 1, 141, '2021-03-31', '09:55:00', 0, 0, 0, 145000, 0, NULL, NULL, NULL, NULL, 'LOAN', NULL, '2022-02-10 04:31:20', 1161),
(96, 12, 2, 142, '2021-03-31', '10:32:00', 0, 0, 0, 9982, 0, NULL, NULL, NULL, NULL, 'LOAN', NULL, '2022-03-01 05:02:53', 1210),
(97, 13, 2, 143, '2021-03-31', '10:34:00', 0, 0, 0, 140000, 0, NULL, NULL, NULL, NULL, 'LOAN', NULL, '2022-03-01 05:05:13', 1211),
(98, 17, 2, 144, '2021-03-31', '10:35:00', 0, 0, 0, 85000, 0, NULL, NULL, NULL, NULL, 'LOAN', NULL, '2022-03-01 05:05:40', 1212),
(99, 18, 2, 145, '2021-03-31', '10:35:00', 0, 0, 0, 95000, 0, NULL, NULL, NULL, NULL, 'LOAN', NULL, '2022-03-01 05:06:15', 1213),
(100, 19, 2, 146, '2021-03-31', '10:36:00', 0, 0, 0, 140000, 0, NULL, NULL, NULL, NULL, 'LOAN', NULL, '2022-03-01 05:06:41', 1214),
(101, 20, 2, 147, '2021-03-31', '10:37:00', 0, 0, 0, 76662, 0, NULL, NULL, NULL, NULL, 'LOAN', NULL, '2022-03-01 05:07:32', 1215),
(102, 22, 3, 0, '2021-07-03', '10:44:59', 1, 85000, 64500, 0, 85000, 'CHEQUE', '0', '0000-00-00', 1, 'INDIVIDUAL', '22', '2022-03-01 05:15:36', 1216),
(103, 22, 3, 121, '2021-07-03', '21:41:00', 0, 0, 0, 150000, 0, NULL, NULL, NULL, NULL, 'LOAN', NULL, '2022-03-01 05:18:17', 1217),
(104, 22, 3, 0, '2021-07-04', '10:49:06', 1, 5000, 775, 0, 5000, 'CHEQUE', '0', '0000-00-00', 1, 'INDIVIDUAL', '22', '2022-03-01 05:19:37', 1218),
(105, 26, 3, 0, '2021-06-23', '10:52:06', 1, 100000, 6000, 0, 100000, '', '0', '0000-00-00', 1, 'INDIVIDUAL', '26', '2022-03-01 05:24:03', 1219),
(106, 26, 3, 122, '2021-06-23', '21:42:00', 0, 0, 0, 150000, 0, NULL, NULL, NULL, NULL, 'LOAN', NULL, '2022-03-01 05:24:40', 1220),
(107, 26, 3, 0, '2021-06-23', '10:55:10', 1, 5000, 775, 0, 0, 'CASH', '0', '0000-00-00', 1, 'INDIVIDUAL', '26', '2022-03-01 05:26:48', 1221),
(108, 26, 3, 0, '2022-03-01', '10:56:34', 0, 5000, 775, 0, 5000, '', '0', '0000-00-00', 0, 'INDIVIDUAL', '26', '2022-03-01 05:26:50', 1222),
(109, 26, 3, 0, '2021-06-23', '10:57:26', 1, 5000, 775, 0, 0, 'CASH', '0', '0000-00-00', 1, 'INDIVIDUAL', '26', '2022-03-01 05:29:57', 1223),
(110, 26, 3, 0, '2022-03-01', '10:59:33', 0, 5000, 775, 0, 5000, '', '0', '0000-00-00', 0, 'INDIVIDUAL', '26', '2022-03-01 05:29:58', 1224),
(111, 26, 3, 0, '2021-06-24', '11:00:04', 1, 5000, 775, 0, 5000, 'CASH', '0', '0000-00-00', 1, 'INDIVIDUAL', '26', '2022-03-01 05:30:15', 1225),
(112, 27, 3, 0, '2021-06-15', '11:02:05', 1, 5000, 775, 0, 5000, 'CASH', '0', '0000-00-00', 2, 'INDIVIDUAL', '27', '2022-03-01 05:32:51', 1226),
(113, 27, 3, 0, '2021-08-10', '11:08:10', 1, 80000, 5600, 0, 80000, 'CASH', '0', '0000-00-00', 1, 'INDIVIDUAL', '27', '2022-03-01 05:42:20', 1227),
(114, 27, 3, 123, '2021-08-11', '21:43:00', 0, 0, 0, 150000, 0, NULL, NULL, NULL, NULL, 'LOAN', NULL, '2022-03-01 05:43:00', 1228),
(115, 27, 3, 0, '2021-08-12', '11:14:02', 1, 5000, 775, 0, 5000, 'CHEQUE', '0', '0000-00-00', 1, 'INDIVIDUAL', '27', '2022-03-01 05:44:22', 1229),
(116, 50, 7, 124, '2021-03-31', '11:15:00', 0, 0, 0, 52487, 0, NULL, NULL, NULL, NULL, 'LOAN', NULL, '2022-03-01 05:46:00', 1230),
(117, 51, 7, 125, '2021-03-31', '11:16:00', 0, 0, 0, 56658, 0, NULL, NULL, NULL, NULL, 'LOAN', NULL, '2022-03-01 05:46:37', 1231),
(118, 54, 7, 126, '2021-03-31', '11:16:00', 0, 0, 0, 126662, 0, NULL, NULL, NULL, NULL, 'LOAN', NULL, '2022-03-01 05:47:15', 1232),
(119, 50, 7, 0, '2021-04-27', '11:18:20', 1, 52487, 6093, 0, 52487, 'CHEQUE', '0', '0000-00-00', 1, 'INDIVIDUAL', '50', '2022-03-01 05:50:09', 1233),
(120, 50, 7, 124, '2021-04-30', '11:15:00', 0, 0, 0, 150000, 0, NULL, NULL, NULL, NULL, 'LOAN', NULL, '2022-03-01 05:50:37', 1234),
(121, 50, 7, 0, '2021-07-28', '11:22:28', 1, 12700, 3100, 0, 12700, 'CHEQUE', '0', '0000-00-00', 1, 'INDIVIDUAL', '50', '2022-03-01 05:53:06', 1235),
(122, 50, 7, 0, '2021-10-16', '11:23:17', 1, 10000, 1550, 0, 10000, 'CHEQUE', '0', '0000-00-00', 1, 'INDIVIDUAL', '50', '2022-03-01 05:53:47', 1236),
(123, 50, 7, 0, '2021-11-26', '11:24:21', 1, 5000, 775, 0, 5000, 'CHEQUE', '0', '0000-00-00', 1, 'INDIVIDUAL', '50', '2022-03-01 05:54:49', 1237),
(124, 50, 7, 0, '2021-12-23', '11:24:54', 1, 10000, 1550, 0, 10000, 'CHEQUE', '0', '0000-00-00', 1, 'INDIVIDUAL', '50', '2022-03-01 05:55:23', 1238),
(125, 51, 7, 0, '2021-07-28', '11:25:53', 1, 13336, 2464, 0, 13336, 'CHEQUE', '0', '0000-00-00', 1, 'INDIVIDUAL', '51', '2022-03-01 05:56:48', 1239),
(126, 51, 7, 0, '2021-10-16', '11:27:00', 1, 6668, 1232, 0, 6668, 'CHEQUE', '0', '0000-00-00', 1, 'INDIVIDUAL', '51', '2022-03-01 05:57:35', 1240),
(127, 51, 7, 0, '2021-11-26', '11:27:45', 1, 3334, 616, 0, 3334, 'CHEQUE', '0', '0000-00-00', 1, 'INDIVIDUAL', '51', '2022-03-01 05:58:03', 1241),
(128, 51, 7, 0, '2021-12-23', '11:28:19', 1, 6668, 1232, 0, 6668, 'CHEQUE', '0', '0000-00-00', 1, 'INDIVIDUAL', '51', '2022-03-01 05:59:15', 1242),
(129, 54, 7, 0, '2021-07-28', '11:30:00', 1, 20000, 3100, 0, 20000, 'CHEQUE', '0', '2021-07-28', 1, 'INDIVIDUAL', '54', '2022-03-01 06:00:52', 1243),
(130, 54, 7, 0, '2021-10-16', '11:30:58', 1, 10000, 1550, 0, 10000, 'CHEQUE', '0', '0000-00-00', 1, 'INDIVIDUAL', '54', '2022-03-01 06:01:30', 1244),
(131, 54, 7, 0, '2021-11-26', '11:31:36', 1, 5000, 775, 0, 5000, 'CHEQUE', '0', '0000-00-00', 1, 'INDIVIDUAL', '54', '2022-03-01 06:01:57', 1245),
(132, 54, 7, 0, '2021-12-23', '11:32:02', 1, 10000, 1550, 0, 10000, 'CHEQUE', '0', '0000-00-00', 1, 'INDIVIDUAL', '54', '2022-03-01 06:02:25', 1246),
(133, 65, 9, 125, '2021-03-31', '11:34:00', 0, 0, 0, 63332, 0, NULL, NULL, NULL, NULL, 'LOAN', NULL, '2022-03-01 06:04:57', 1247),
(134, 69, 9, 126, '2021-03-31', '11:35:00', 0, 0, 0, 150000, 0, NULL, NULL, NULL, NULL, 'LOAN', NULL, '2022-03-01 06:05:25', 1248),
(135, 70, 9, 127, '2021-03-31', '11:35:00', 0, 0, 0, 100000, 0, NULL, NULL, NULL, NULL, 'LOAN', NULL, '2022-03-01 06:05:50', 1249),
(136, 71, 9, 128, '2021-03-31', '11:36:00', 0, 0, 0, 145000, 0, NULL, NULL, NULL, NULL, 'LOAN', NULL, '2022-03-01 06:06:25', 1250),
(137, 60, 8, 129, '2021-03-31', '12:15:00', 0, 0, 0, 66660, 0, NULL, NULL, NULL, NULL, 'LOAN', NULL, '2022-03-01 06:46:13', 1251),
(138, 63, 8, 130, '2021-03-31', '12:16:00', 0, 0, 0, 127658, 0, NULL, NULL, NULL, NULL, 'LOAN', NULL, '2022-03-01 06:47:26', 1252),
(139, 59, 8, 131, '2021-03-31', '12:17:00', 0, 0, 0, 150000, 0, NULL, NULL, NULL, NULL, 'LOAN', NULL, '2022-03-01 06:48:12', 1253),
(141, 64, 8, 133, '2021-03-31', '12:20:00', 0, 0, 0, 150000, 0, NULL, NULL, NULL, NULL, 'LOAN', NULL, '2022-03-01 06:50:20', 1255),
(143, 99, 15, 0, '2021-10-28', '13:05:38', 1, 5000, 775, 0, 5000, 'CHEQUE', '0', '0000-00-00', 1, 'BULK', '100,101,103,105,99,102', '2022-03-01 07:36:28', 1284),
(144, 100, 15, 0, '2021-10-28', '13:05:38', 1, 5000, 775, 0, 5000, 'CHEQUE', '0', '0000-00-00', 1, 'BULK', '100,101,103,105,99,102', '2022-03-01 07:36:28', 1284),
(145, 101, 15, 0, '2021-10-28', '13:05:38', 1, 3334, 616, 0, 3334, 'CHEQUE', '0', '0000-00-00', 1, 'BULK', '100,101,103,105,99,102', '2022-03-01 07:36:28', 1284),
(146, 102, 15, 0, '2021-10-28', '13:05:38', 1, 5000, 775, 0, 5000, 'CHEQUE', '0', '0000-00-00', 1, 'BULK', '100,101,103,105,99,102', '2022-03-01 07:36:28', 1284),
(147, 103, 15, 0, '2021-10-28', '13:05:38', 1, 5000, 775, 0, 5000, 'CHEQUE', '0', '0000-00-00', 1, 'BULK', '100,101,103,105,99,102', '2022-03-01 07:36:28', 1284),
(148, 105, 15, 0, '2021-10-28', '13:05:38', 1, 5000, 775, 0, 5000, 'CHEQUE', '0', '0000-00-00', 1, 'BULK', '100,101,103,105,99,102', '2022-03-01 07:36:28', 1284),
(149, 99, 15, 0, '2021-12-07', '13:06:38', 1, 5000, 775, 0, 5000, 'CHEQUE', '0', '0000-00-00', 1, 'BULK', '100,101,103,105,104,99,102,107,106', '2022-03-01 07:36:59', 1284),
(150, 100, 15, 0, '2021-12-07', '13:06:38', 1, 5000, 775, 0, 5000, 'CHEQUE', '0', '0000-00-00', 1, 'BULK', '100,101,103,105,104,99,102,107,106', '2022-03-01 07:36:59', 1284),
(151, 101, 15, 0, '2021-12-07', '13:06:38', 1, 3334, 616, 0, 3334, 'CHEQUE', '0', '0000-00-00', 1, 'BULK', '100,101,103,105,104,99,102,107,106', '2022-03-01 07:36:59', 1284),
(152, 102, 15, 0, '2021-12-07', '13:06:38', 1, 5000, 775, 0, 5000, 'CHEQUE', '0', '0000-00-00', 1, 'BULK', '100,101,103,105,104,99,102,107,106', '2022-03-01 07:36:59', 1284),
(153, 103, 15, 0, '2021-12-07', '13:06:38', 1, 5000, 775, 0, 5000, 'CHEQUE', '0', '0000-00-00', 1, 'BULK', '100,101,103,105,104,99,102,107,106', '2022-03-01 07:36:59', 1284),
(154, 104, 15, 0, '2021-12-07', '13:06:38', 1, 0, 0, 0, 0, 'CHEQUE', '0', '0000-00-00', 1, 'BULK', '100,101,103,105,104,99,102,107,106', '2022-03-01 07:36:59', 1284),
(155, 105, 15, 0, '2021-12-07', '13:06:38', 1, 5000, 775, 0, 5000, 'CHEQUE', '0', '0000-00-00', 1, 'BULK', '100,101,103,105,104,99,102,107,106', '2022-03-01 07:36:59', 1284),
(156, 106, 15, 0, '2021-12-07', '13:06:38', 1, 0, 0, 0, 0, 'CHEQUE', '0', '0000-00-00', 1, 'BULK', '100,101,103,105,104,99,102,107,106', '2022-03-01 07:36:59', 1284),
(157, 107, 15, 0, '2021-12-07', '13:06:38', 1, 0, 0, 0, 0, 'CHEQUE', '0', '0000-00-00', 1, 'BULK', '100,101,103,105,104,99,102,107,106', '2022-03-01 07:36:59', 1284),
(158, 99, 15, 0, '2022-01-03', '13:07:03', 1, 5000, 775, 0, 5000, 'CHEQUE', '0', '0000-00-00', 1, 'BULK', '100,101,103,105,104,99,102,107,106', '2022-03-01 07:37:26', 1284),
(159, 100, 15, 0, '2022-01-03', '13:07:03', 1, 5000, 775, 0, 5000, 'CHEQUE', '0', '0000-00-00', 1, 'BULK', '100,101,103,105,104,99,102,107,106', '2022-03-01 07:37:26', 1284),
(160, 101, 15, 0, '2022-01-03', '13:07:03', 1, 3334, 616, 0, 3334, 'CHEQUE', '0', '0000-00-00', 1, 'BULK', '100,101,103,105,104,99,102,107,106', '2022-03-01 07:37:26', 1284),
(161, 102, 15, 0, '2022-01-03', '13:07:03', 1, 5000, 775, 0, 5000, 'CHEQUE', '0', '0000-00-00', 1, 'BULK', '100,101,103,105,104,99,102,107,106', '2022-03-01 07:37:26', 1284),
(162, 103, 15, 0, '2022-01-03', '13:07:03', 1, 5000, 775, 0, 5000, 'CHEQUE', '0', '0000-00-00', 1, 'BULK', '100,101,103,105,104,99,102,107,106', '2022-03-01 07:37:26', 1284),
(163, 104, 15, 0, '2022-01-03', '13:07:03', 1, 0, 0, 0, 0, 'CHEQUE', '0', '0000-00-00', 1, 'BULK', '100,101,103,105,104,99,102,107,106', '2022-03-01 07:37:26', 1284),
(164, 105, 15, 0, '2022-01-03', '13:07:03', 1, 5000, 775, 0, 5000, 'CHEQUE', '0', '0000-00-00', 1, 'BULK', '100,101,103,105,104,99,102,107,106', '2022-03-01 07:37:26', 1284),
(165, 106, 15, 0, '2022-01-03', '13:07:03', 1, 0, 0, 0, 0, 'CHEQUE', '0', '0000-00-00', 1, 'BULK', '100,101,103,105,104,99,102,107,106', '2022-03-01 07:37:26', 1284),
(166, 107, 15, 0, '2022-01-03', '13:07:03', 1, 0, 0, 0, 0, 'CHEQUE', '0', '0000-00-00', 1, 'BULK', '100,101,103,105,104,99,102,107,106', '2022-03-01 07:37:26', 1284),
(167, 73, 10, 0, '2021-04-15', '21:49:05', 1, 3334, 616, 0, 3334, 'CHEQUE', '0', '0000-00-00', 0, 'BULK', '73', '2022-03-01 16:19:21', 1286),
(168, 73, 10, 0, '2021-06-17', '21:50:13', 1, 3334, 616, 0, 3334, 'CHEQUE', '0', '0000-00-00', 0, 'BULK', '73', '2022-03-01 16:20:30', 1290),
(169, 73, 10, 0, '2021-06-21', '21:50:35', 1, 3334, 616, 0, 3334, 'CHEQUE', '0', '0000-00-00', 0, 'BULK', '73', '2022-03-01 16:20:52', 1290),
(170, 73, 10, 0, '2021-07-20', '21:51:18', 1, 3334, 616, 0, 3334, 'CHEQUE', '0', '0000-00-00', 0, 'BULK', '73', '2022-03-01 16:21:32', 1292),
(171, 73, 10, 0, '2021-08-23', '21:52:00', 1, 3334, 616, 0, 3334, 'CHEQUE', '0', '0000-00-00', 0, 'BULK', '73', '2022-03-01 16:22:10', 1294),
(172, 73, 10, 0, '2021-09-28', '21:52:58', 1, 3334, 616, 0, 3334, 'CHEQUE', '0', '0000-00-00', 0, 'BULK', '73', '2022-03-01 16:23:13', 1296),
(173, 73, 10, 0, '2021-11-06', '21:53:41', 1, 3334, 616, 0, 3334, 'CHEQUE', '0', '0000-00-00', 0, 'BULK', '73', '2022-03-01 16:23:51', 1298),
(174, 73, 10, 0, '2021-12-07', '21:54:27', 1, 3334, 616, 0, 3334, 'CHEQUE', '0', '0000-00-00', 0, 'BULK', '73', '2022-03-01 16:24:45', 1300),
(175, 73, 10, 0, '2022-01-21', '21:55:06', 1, 3334, 616, 0, 3334, 'CHEQUE', '0', '0000-00-00', 0, 'BULK', '73', '2022-03-01 16:25:19', 1302),
(176, 73, 10, 0, '2021-12-29', '21:56:51', 1, 3334, 616, 0, 3334, 'CHEQUE', '0', '0000-00-00', 0, 'BULK', '73', '2022-03-01 16:27:07', 1304),
(177, 73, 10, 133, '2021-03-31', '22:00:00', 0, 0, 0, 47136, 0, NULL, NULL, NULL, NULL, 'LOAN', NULL, '2022-03-01 16:31:01', 1304),
(178, 98, 14, 0, '2021-04-12', '22:01:57', 1, 5000, 775, 0, 5000, 'CHEQUE', '0', '0000-00-00', 0, 'BULK', '98', '2022-03-01 16:32:11', 1309),
(179, 98, 14, 0, '2021-06-29', '22:04:15', 1, 5000, 775, 0, 5000, 'CHEQUE', '0', '0000-00-00', 0, 'BULK', '98', '2022-03-01 16:34:28', 1313),
(180, 98, 14, 0, '2021-07-15', '22:05:18', 1, 5000, 775, 0, 5000, 'CHEQUE', '0', '0000-00-00', 0, 'BULK', '98', '2022-03-01 16:35:31', 1317),
(181, 98, 14, 0, '2021-06-29', '22:06:27', 1, 5000, 775, 0, 5000, 'CHEQUE', '0', '0000-00-00', 0, 'BULK', '98', '2022-03-01 16:36:43', 1321),
(182, 98, 14, 0, '2021-08-16', '22:07:22', 1, 5000, 775, 0, 5000, 'CHEQUE', '0', '0000-00-00', 0, 'BULK', '98', '2022-03-01 16:37:41', 1325),
(183, 98, 14, 0, '2021-09-24', '22:08:24', 1, 5000, 775, 0, 5000, 'CHEQUE', '0', '0000-00-00', 0, 'BULK', '98', '2022-03-01 16:38:59', 1329),
(184, 98, 14, 0, '2021-12-22', '22:09:56', 1, 5000, 775, 0, 5000, 'CHEQUE', '0', '0000-00-00', 0, 'BULK', '98', '2022-03-01 16:40:35', 1333),
(185, 98, 14, 0, '2022-01-21', '22:11:05', 2, 5000, 775, 0, 5000, 'CHEQUE', '0', '0000-00-00', 0, 'BULK', '98', '2022-03-01 16:41:22', 1337);

-- --------------------------------------------------------

--
-- Table structure for table `otherfees_detail`
--

CREATE TABLE `otherfees_detail` (
  `id` bigint(100) NOT NULL,
  `teacher_id` bigint(20) NOT NULL,
  `school_id` bigint(20) NOT NULL,
  `to_bank` bigint(100) NOT NULL,
  `date` date NOT NULL,
  `time` time NOT NULL,
  `other_amount` double NOT NULL,
  `paymode` varchar(100) NOT NULL,
  `cheque_date` date NOT NULL,
  `cheque_number` varchar(200) NOT NULL,
  `cheque_bank` varchar(200) NOT NULL,
  `type` varchar(100) NOT NULL,
  `description` varchar(500) NOT NULL,
  `transaction_id` bigint(200) NOT NULL
) ENGINE=InnoDB DEFAULT CHARSET=latin1;

-- --------------------------------------------------------

--
-- Table structure for table `savings_ledger`
--

CREATE TABLE `savings_ledger` (
  `id` bigint(100) NOT NULL,
  `teacher_id` bigint(200) NOT NULL,
  `school_id` bigint(100) DEFAULT NULL,
  `billno` varchar(200) DEFAULT NULL,
  `date` date DEFAULT NULL,
  `time` time DEFAULT NULL,
  `to_bank` int(100) NOT NULL,
  `debit` double NOT NULL,
  `credit` double NOT NULL,
  `pay_mode` varchar(100) DEFAULT NULL,
  `cheque_number` varchar(100) DEFAULT NULL,
  `cheque_date` date NOT NULL,
  `cheque_bank` int(100) DEFAULT NULL,
  `pay_for` varchar(200) DEFAULT NULL,
  `whotheyare` varchar(500) DEFAULT NULL,
  `collect_return` varchar(100) DEFAULT NULL,
  `entry_time` timestamp NOT NULL DEFAULT CURRENT_TIMESTAMP,
  `transaction_id` bigint(200) NOT NULL
) ENGINE=InnoDB DEFAULT CHARSET=latin1;

--
-- Dumping data for table `savings_ledger`
--

INSERT INTO `savings_ledger` (`id`, `teacher_id`, `school_id`, `billno`, `date`, `time`, `to_bank`, `debit`, `credit`, `pay_mode`, `cheque_number`, `cheque_date`, `cheque_bank`, `pay_for`, `whotheyare`, `collect_return`, `entry_time`, `transaction_id`) VALUES
(1, 1, 1, NULL, '2021-03-31', '14:56:24', 1, 0, 56850, 'CASH', '0', '0000-00-00', 1, 'INDIVIDUAL', '1', 'COLLECT', '2022-01-16 09:26:58', 859),
(3, 10, 1, NULL, '2021-03-31', '14:59:19', 0, 0, 56350, 'CHEQUE', '0', '0000-00-00', 0, 'INDIVIDUAL', '10', 'COLLECT', '2022-01-16 09:29:37', 861),
(4, 3, 1, NULL, '2021-03-31', '14:59:50', 0, 0, 56850, '', '0', '0000-00-00', 0, 'INDIVIDUAL', '3', 'COLLECT', '2022-01-16 09:30:07', 862),
(5, 2, 1, NULL, '2021-03-31', '15:00:13', 0, 0, 55100, '', '0', '0000-00-00', 0, 'INDIVIDUAL', '2', 'COLLECT', '2022-01-16 09:30:30', 863),
(6, 5, 1, NULL, '2021-03-31', '15:00:43', 0, 0, 51200, '', '0', '0000-00-00', 0, 'INDIVIDUAL', '5', 'COLLECT', '2022-01-16 09:30:55', 864),
(7, 6, 1, NULL, '2021-03-31', '15:01:07', 0, 0, 20000, '', '0', '0000-00-00', 0, 'INDIVIDUAL', '6', 'COLLECT', '2022-01-16 09:31:20', 865),
(8, 8, 1, NULL, '2021-03-31', '20:23:02', 0, 0, 41000, '', '0', '0000-00-00', 0, 'INDIVIDUAL', '8', 'COLLECT', '2022-01-16 14:53:15', 866),
(9, 7, 1, NULL, '2021-03-31', '20:23:26', 0, 0, 41000, '', '0', '0000-00-00', 0, 'INDIVIDUAL', '7', 'COLLECT', '2022-01-16 14:53:40', 867),
(10, 9, 1, NULL, '2021-03-31', '20:23:47', 0, 0, 21900, '', '0', '0000-00-00', 0, 'INDIVIDUAL', '9', 'COLLECT', '2022-01-16 14:54:03', 868),
(11, 11, 2, NULL, '2021-03-31', '20:30:14', 0, 0, 17000, '', '0', '0000-00-00', 0, 'INDIVIDUAL', '11', 'COLLECT', '2022-01-16 15:00:30', 869),
(12, 12, 2, NULL, '2021-03-31', '20:31:17', 0, 0, 52800, '', '0', '0000-00-00', 0, 'INDIVIDUAL', '12', 'COLLECT', '2022-01-16 15:01:32', 870),
(13, 17, 2, NULL, '2021-03-31', '20:39:47', 0, 0, 48700, '', '0', '0000-00-00', 0, 'INDIVIDUAL', '17', 'COLLECT', '2022-01-16 15:10:09', 871),
(14, 19, 2, NULL, '2021-03-31', '20:40:33', 0, 0, 60100, '', '0', '0000-00-00', 0, 'INDIVIDUAL', '19', 'COLLECT', '2022-01-16 15:10:44', 872),
(15, 16, 2, NULL, '2021-03-31', '20:41:24', 0, 0, 53800, '', '0', '0000-00-00', 0, 'INDIVIDUAL', '16', 'COLLECT', '2022-01-16 15:11:46', 873),
(16, 18, 2, NULL, '2021-03-31', '20:41:56', 0, 0, 44900, '', '0', '0000-00-00', 0, 'INDIVIDUAL', '18', 'COLLECT', '2022-01-16 15:12:11', 874),
(17, 20, 2, NULL, '2021-03-31', '20:42:27', 0, 0, 35000, '', '0', '0000-00-00', 0, 'INDIVIDUAL', '20', 'COLLECT', '2022-01-16 15:12:42', 875),
(18, 14, 2, NULL, '2021-03-31', '20:43:20', 0, 0, 52800, '', '0', '0000-00-00', 0, 'INDIVIDUAL', '14', 'COLLECT', '2022-01-16 15:13:35', 876),
(19, 15, 2, NULL, '2021-03-31', '20:43:40', 0, 0, 52800, '', '0', '0000-00-00', 0, 'INDIVIDUAL', '15', 'COLLECT', '2022-01-16 15:13:52', 877),
(20, 13, 2, NULL, '2021-03-31', '20:43:58', 0, 0, 52800, '', '0', '0000-00-00', 0, 'INDIVIDUAL', '13', 'COLLECT', '2022-01-16 15:14:27', 878),
(21, 21, 3, NULL, '2021-03-31', '21:07:35', 0, 0, 40000, '', '0', '0000-00-00', 0, 'INDIVIDUAL', '21', 'COLLECT', '2022-01-16 15:37:46', 879),
(22, 22, 3, NULL, '2021-03-31', '21:07:58', 0, 0, 40000, '', '0', '0000-00-00', 0, 'INDIVIDUAL', '22', 'COLLECT', '2022-01-16 15:38:32', 880),
(23, 23, 3, NULL, '2021-03-31', '21:08:39', 0, 0, 40000, '', '0', '0000-00-00', 0, 'INDIVIDUAL', '23', 'COLLECT', '2022-01-16 15:38:48', 881),
(24, 24, 3, NULL, '2021-03-31', '21:08:57', 0, 0, 40000, '', '0', '0000-00-00', 0, 'INDIVIDUAL', '24', 'COLLECT', '2022-01-16 15:39:07', 882),
(25, 25, 3, NULL, '2021-03-31', '21:09:26', 0, 0, 41795, '', '0', '0000-00-00', 0, 'INDIVIDUAL', '25', 'COLLECT', '2022-01-16 15:39:41', 883),
(26, 26, 3, NULL, '2021-03-31', '21:09:53', 0, 0, 47000, '', '0', '0000-00-00', 0, 'INDIVIDUAL', '26', 'COLLECT', '2022-01-16 15:40:03', 884),
(27, 27, 3, NULL, '2021-03-31', '21:10:15', 0, 0, 50000, '', '0', '0000-00-00', 0, 'INDIVIDUAL', '27', 'COLLECT', '2022-01-16 15:40:28', 885),
(28, 37, 4, NULL, '2021-03-31', '21:19:31', 0, 0, 42000, '', '0', '0000-00-00', 0, 'INDIVIDUAL', '37', 'COLLECT', '2022-01-16 15:49:45', 886),
(29, 36, 4, NULL, '2021-03-31', '21:20:05', 0, 0, 96900, '', '0', '0000-00-00', 0, 'INDIVIDUAL', '36', 'COLLECT', '2022-01-16 15:50:21', 887),
(30, 35, 4, NULL, '2021-03-31', '21:20:32', 0, 0, 13500, '', '0', '0000-00-00', 0, 'INDIVIDUAL', '35', 'COLLECT', '2022-01-16 15:50:42', 888),
(31, 34, 4, NULL, '2021-03-31', '21:20:52', 0, 0, 13500, '', '0', '0000-00-00', 0, 'INDIVIDUAL', '34', 'COLLECT', '2022-01-16 15:51:09', 889),
(32, 33, 4, NULL, '2021-03-31', '21:21:16', 0, 0, 58500, '', '0', '0000-00-00', 0, 'INDIVIDUAL', '33', 'COLLECT', '2022-01-16 15:51:27', 890),
(33, 32, 4, NULL, '2021-03-31', '21:21:37', 0, 0, 68000, '', '0', '0000-00-00', 0, 'INDIVIDUAL', '32', 'COLLECT', '2022-01-16 15:51:54', 891),
(34, 31, 4, NULL, '2021-03-31', '21:21:57', 0, 0, 50600, '', '0', '0000-00-00', 0, 'INDIVIDUAL', '31', 'COLLECT', '2022-01-16 15:52:16', 892),
(35, 30, 4, NULL, '2021-03-31', '21:22:29', 0, 0, 57100, '', '0', '0000-00-00', 0, 'INDIVIDUAL', '30', 'COLLECT', '2022-01-16 15:52:54', 893),
(36, 29, 4, NULL, '2021-03-31', '21:22:59', 0, 0, 55000, '', '0', '0000-00-00', 0, 'INDIVIDUAL', '29', 'COLLECT', '2022-01-16 15:53:15', 894),
(37, 21, 3, NULL, '2021-04-13', '21:39:25', 1, 0, 500, 'CHEQUE', '0', '0000-00-00', 1, 'BULK', '28,25,22,27,26,23,21,24', 'COLLECT', '2022-01-16 16:10:00', 895),
(38, 22, 3, NULL, '2021-04-13', '21:39:25', 1, 0, 500, 'CHEQUE', '0', '0000-00-00', 1, 'BULK', '28,25,22,27,26,23,21,24', 'COLLECT', '2022-01-16 16:10:00', 896),
(39, 23, 3, NULL, '2021-04-13', '21:39:25', 1, 0, 500, 'CHEQUE', '0', '0000-00-00', 1, 'BULK', '28,25,22,27,26,23,21,24', 'COLLECT', '2022-01-16 16:10:00', 897),
(40, 24, 3, NULL, '2021-04-13', '21:39:25', 1, 0, 500, 'CHEQUE', '0', '0000-00-00', 1, 'BULK', '28,25,22,27,26,23,21,24', 'COLLECT', '2022-01-16 16:10:00', 898),
(41, 25, 3, NULL, '2021-04-13', '21:39:25', 1, 0, 500, 'CHEQUE', '0', '0000-00-00', 1, 'BULK', '28,25,22,27,26,23,21,24', 'COLLECT', '2022-01-16 16:10:00', 899),
(42, 26, 3, NULL, '2021-04-13', '21:39:25', 1, 0, 500, 'CHEQUE', '0', '0000-00-00', 1, 'BULK', '28,25,22,27,26,23,21,24', 'COLLECT', '2022-01-16 16:10:00', 900),
(43, 27, 3, NULL, '2021-04-13', '21:39:25', 1, 0, 500, 'CHEQUE', '0', '0000-00-00', 1, 'BULK', '28,25,22,27,26,23,21,24', 'COLLECT', '2022-01-16 16:10:00', 901),
(44, 28, 3, NULL, '2021-04-13', '21:39:25', 1, 0, 500, 'CHEQUE', '0', '0000-00-00', 1, 'BULK', '28,25,22,27,26,23,21,24', 'COLLECT', '2022-01-16 16:10:00', 902),
(45, 38, 5, NULL, '2021-03-31', '21:54:38', 1, 0, 26500, 'CHEQUE', '0', '0000-00-00', 1, 'INDIVIDUAL', '38', 'COLLECT', '2022-01-16 16:25:06', 906),
(46, 39, 5, NULL, '2021-03-31', '21:55:24', 1, 0, 26500, 'CHEQUE', '0', '0000-00-00', 0, 'INDIVIDUAL', '39', 'COLLECT', '2022-01-16 16:25:41', 907),
(47, 40, 5, NULL, '2021-03-31', '21:55:52', 0, 0, 26500, '', '0', '0000-00-00', 0, 'INDIVIDUAL', '40', 'COLLECT', '2022-01-16 16:26:04', 908),
(48, 41, 5, NULL, '2021-03-31', '21:56:24', 0, 0, 26500, '', '0', '0000-00-00', 0, 'INDIVIDUAL', '41', 'COLLECT', '2022-01-16 16:26:36', 909),
(49, 42, 5, NULL, '2021-03-31', '21:56:44', 1, 0, 26500, '', '0', '0000-00-00', 0, 'INDIVIDUAL', '42', 'COLLECT', '2022-01-16 16:26:59', 910),
(50, 43, 5, NULL, '2021-03-31', '21:57:09', 0, 0, 36500, '', '0', '0000-00-00', 0, 'INDIVIDUAL', '43', 'COLLECT', '2022-01-16 16:27:25', 911),
(53, 44, 6, NULL, '2021-03-31', '20:15:03', 0, 0, 49000, '', '0', '0000-00-00', 0, 'INDIVIDUAL', '44', 'COLLECT', '2022-01-17 14:45:15', 914),
(54, 45, 6, NULL, '2021-03-31', '20:15:31', 0, 0, 49700, '', '0', '0000-00-00', 0, 'INDIVIDUAL', '45', 'COLLECT', '2022-01-17 14:45:40', 915),
(55, 46, 6, NULL, '2021-03-31', '20:15:47', 0, 0, 32000, '', '0', '0000-00-00', 0, 'INDIVIDUAL', '46', 'COLLECT', '2022-01-17 14:45:59', 916),
(56, 47, 6, NULL, '2021-03-31', '20:16:10', 0, 0, 29000, '', '0', '0000-00-00', 0, 'INDIVIDUAL', '47', 'COLLECT', '2022-01-17 14:46:20', 917),
(57, 49, 6, NULL, '2021-03-31', '20:16:36', 0, 0, 29000, '', '0', '0000-00-00', 0, 'INDIVIDUAL', '49', 'COLLECT', '2022-01-17 14:46:46', 918),
(58, 50, 7, NULL, '2021-03-31', '20:22:41', 0, 0, 34000, '', '0', '0000-00-00', 0, 'INDIVIDUAL', '50', 'COLLECT', '2022-01-17 14:52:59', 919),
(59, 51, 7, NULL, '2021-03-31', '20:23:08', 0, 0, 32400, '', '0', '0000-00-00', 0, 'INDIVIDUAL', '51', 'COLLECT', '2022-01-17 14:53:23', 920),
(60, 52, 7, NULL, '2021-03-31', '20:23:30', 0, 0, 27400, '', '0', '0000-00-00', 0, 'INDIVIDUAL', '52', 'COLLECT', '2022-01-17 14:53:45', 921),
(61, 53, 7, NULL, '2021-03-31', '20:23:55', 0, 0, 13500, '', '0', '0000-00-00', 0, 'INDIVIDUAL', '53', 'COLLECT', '2022-01-17 14:54:06', 922),
(62, 54, 7, NULL, '2021-03-31', '20:24:15', 0, 0, 28700, '', '0', '0000-00-00', 0, 'INDIVIDUAL', '54', 'COLLECT', '2022-01-17 14:54:26', 923),
(63, 55, 7, NULL, '2021-03-31', '20:24:32', 0, 0, 27200, '', '0', '0000-00-00', 0, 'INDIVIDUAL', '55', 'COLLECT', '2022-01-17 14:54:49', 924),
(64, 64, 8, NULL, '2021-03-31', '20:31:45', 0, 0, 6000, '', '0', '0000-00-00', 0, 'INDIVIDUAL', '64', 'COLLECT', '2022-01-17 15:01:56', 925),
(65, 59, 8, NULL, '2021-03-31', '20:32:05', 0, 0, 14500, '', '0', '0000-00-00', 0, 'INDIVIDUAL', '59', 'COLLECT', '2022-01-17 15:02:16', 926),
(66, 63, 8, NULL, '2021-03-31', '20:32:47', 0, 0, 40500, '', '0', '0000-00-00', 0, 'INDIVIDUAL', '63', 'COLLECT', '2022-01-17 15:03:00', 927),
(68, 60, 8, NULL, '2021-03-31', '20:34:16', 0, 0, 45800, '', '0', '0000-00-00', 0, 'INDIVIDUAL', '60', 'COLLECT', '2022-01-17 15:04:32', 929),
(69, 61, 8, NULL, '2021-03-31', '20:34:42', 0, 0, 47000, '', '0', '0000-00-00', 0, 'INDIVIDUAL', '61', 'COLLECT', '2022-01-17 15:04:59', 930),
(70, 58, 8, NULL, '2021-03-31', '20:35:15', 0, 0, 46500, '', '0', '0000-00-00', 0, 'INDIVIDUAL', '58', 'COLLECT', '2022-01-17 15:05:27', 931),
(71, 57, 8, NULL, '2021-03-31', '20:35:37', 0, 0, 49800, '', '0', '0000-00-00', 0, 'INDIVIDUAL', '57', 'COLLECT', '2022-01-17 15:05:49', 932),
(72, 56, 8, NULL, '2021-03-31', '20:35:56', 0, 0, 48700, '', '0', '0000-00-00', 0, 'INDIVIDUAL', '56', 'COLLECT', '2022-01-17 15:06:12', 933),
(73, 72, 9, NULL, '2021-03-31', '20:43:41', 0, 0, 2000, '', '0', '0000-00-00', 0, 'INDIVIDUAL', '72', 'COLLECT', '2022-01-17 15:13:56', 934),
(74, 71, 9, NULL, '2021-03-31', '20:44:19', 0, 0, 27600, '', '0', '0000-00-00', 0, 'INDIVIDUAL', '71', 'COLLECT', '2022-01-17 15:14:31', 935),
(75, 68, 9, NULL, '2021-03-31', '20:44:41', 0, 0, 17465, '', '0', '0000-00-00', 0, 'INDIVIDUAL', '68', 'COLLECT', '2022-01-17 15:15:03', 936),
(76, 70, 9, NULL, '2021-03-31', '20:45:13', 0, 0, 10500, '', '0', '0000-00-00', 0, 'INDIVIDUAL', '70', 'COLLECT', '2022-01-17 15:15:23', 937),
(77, 69, 9, NULL, '2021-03-31', '20:45:34', 0, 0, 22000, '', '0', '0000-00-00', 0, 'INDIVIDUAL', '69', 'COLLECT', '2022-01-17 15:15:44', 938),
(78, 67, 9, NULL, '2021-03-31', '20:45:50', 0, 0, 20000, '', '0', '0000-00-00', 0, 'INDIVIDUAL', '67', 'COLLECT', '2022-01-17 15:16:05', 939),
(79, 66, 9, NULL, '2021-03-31', '20:46:20', 0, 0, 54765, '', '0', '0000-00-00', 0, 'INDIVIDUAL', '66', 'COLLECT', '2022-01-17 15:16:37', 940),
(80, 65, 9, NULL, '2021-03-31', '20:47:01', 0, 0, 85351, '', '0', '0000-00-00', 0, 'INDIVIDUAL', '65', 'COLLECT', '2022-01-17 15:17:16', 941),
(81, 73, 10, NULL, '2021-03-31', '20:49:32', 0, 0, 55700, '', '0', '0000-00-00', 0, 'INDIVIDUAL', '73', 'COLLECT', '2022-01-17 15:19:45', 942),
(82, 74, 10, NULL, '2021-03-31', '20:49:48', 0, 0, 40550, '', '0', '0000-00-00', 0, 'INDIVIDUAL', '74', 'COLLECT', '2022-01-17 15:20:04', 943),
(83, 75, 12, NULL, '2021-03-31', '09:33:44', 0, 0, 60000, '', '0', '0000-00-00', 0, 'BULK', '79,80,77,75,78,76', 'COLLECT', '2022-01-18 04:04:48', 944),
(84, 76, 12, NULL, '2021-03-31', '09:33:44', 0, 0, 29200, '', '0', '0000-00-00', 0, 'BULK', '79,80,77,75,78,76', 'COLLECT', '2022-01-18 04:04:48', 945),
(85, 77, 12, NULL, '2021-03-31', '09:33:44', 0, 0, 37500, '', '0', '0000-00-00', 0, 'BULK', '79,80,77,75,78,76', 'COLLECT', '2022-01-18 04:04:48', 946),
(86, 78, 12, NULL, '2021-03-31', '09:33:44', 0, 0, 29000, '', '0', '0000-00-00', 0, 'BULK', '79,80,77,75,78,76', 'COLLECT', '2022-01-18 04:04:48', 947),
(87, 79, 12, NULL, '2021-03-31', '09:33:44', 0, 0, 37500, '', '0', '0000-00-00', 0, 'BULK', '79,80,77,75,78,76', 'COLLECT', '2022-01-18 04:04:48', 948),
(88, 80, 12, NULL, '2021-03-31', '09:33:44', 0, 0, 51500, '', '0', '0000-00-00', 0, 'BULK', '79,80,77,75,78,76', 'COLLECT', '2022-01-18 04:04:48', 949),
(89, 81, 11, NULL, '2021-03-31', '19:58:05', 0, 0, 17400, '', '0', '0000-00-00', 0, 'BULK', '81,85,82,87,83,84,86,88', 'COLLECT', '2022-01-18 14:28:17', 950),
(90, 82, 11, NULL, '2021-03-31', '19:58:05', 0, 0, 53100, '', '0', '0000-00-00', 0, 'BULK', '81,85,82,87,83,84,86,88', 'COLLECT', '2022-01-18 14:28:17', 951),
(91, 83, 11, NULL, '2021-03-31', '19:58:05', 0, 0, 50100, '', '0', '0000-00-00', 0, 'BULK', '81,85,82,87,83,84,86,88', 'COLLECT', '2022-01-18 14:28:17', 952),
(92, 84, 11, NULL, '2021-03-31', '19:58:05', 0, 0, 6200, '', '0', '0000-00-00', 0, 'BULK', '81,85,82,87,83,84,86,88', 'COLLECT', '2022-01-18 14:28:17', 953),
(93, 85, 11, NULL, '2021-03-31', '19:58:05', 0, 0, 19350, '', '0', '0000-00-00', 0, 'BULK', '81,85,82,87,83,84,86,88', 'COLLECT', '2022-01-18 14:28:17', 954),
(94, 86, 11, NULL, '2021-03-31', '19:58:05', 0, 0, 48600, '', '0', '0000-00-00', 0, 'BULK', '81,85,82,87,83,84,86,88', 'COLLECT', '2022-01-18 14:28:17', 955),
(95, 87, 11, NULL, '2021-03-31', '19:58:05', 0, 0, 50000, '', '0', '0000-00-00', 0, 'BULK', '81,85,82,87,83,84,86,88', 'COLLECT', '2022-01-18 14:28:17', 956),
(96, 88, 11, NULL, '2021-03-31', '19:58:05', 0, 0, 33000, '', '0', '0000-00-00', 0, 'BULK', '81,85,82,87,83,84,86,88', 'COLLECT', '2022-01-18 14:28:17', 957),
(97, 89, 13, NULL, '2021-03-31', '20:14:00', 0, 0, 30000, '', '0', '0000-00-00', 0, 'BULK', '92,89,90,93,91,94', 'COLLECT', '2022-01-18 14:44:11', 958),
(98, 90, 13, NULL, '2021-03-31', '20:14:00', 0, 0, 30000, '', '0', '0000-00-00', 0, 'BULK', '92,89,90,93,91,94', 'COLLECT', '2022-01-18 14:44:11', 959),
(99, 91, 13, NULL, '2021-03-31', '20:14:00', 0, 0, 30000, '', '0', '0000-00-00', 0, 'BULK', '92,89,90,93,91,94', 'COLLECT', '2022-01-18 14:44:11', 960),
(100, 92, 13, NULL, '2021-03-31', '20:14:00', 0, 0, 30000, '', '0', '0000-00-00', 0, 'BULK', '92,89,90,93,91,94', 'COLLECT', '2022-01-18 14:44:12', 961),
(101, 93, 13, NULL, '2021-03-31', '20:14:00', 0, 0, 30000, '', '0', '0000-00-00', 0, 'BULK', '92,89,90,93,91,94', 'COLLECT', '2022-01-18 14:44:12', 962),
(102, 94, 13, NULL, '2021-03-31', '20:14:00', 0, 0, 30000, '', '0', '0000-00-00', 0, 'BULK', '92,89,90,93,91,94', 'COLLECT', '2022-01-18 14:44:12', 963),
(103, 95, 14, NULL, '2021-03-31', '20:24:44', 0, 0, 45500, '', '0', '0000-00-00', 0, 'BULK', '98,95,97,96', 'COLLECT', '2022-01-18 14:55:21', 964),
(104, 96, 14, NULL, '2021-03-31', '20:24:44', 0, 0, 45500, '', '0', '0000-00-00', 0, 'BULK', '98,95,97,96', 'COLLECT', '2022-01-18 14:55:21', 965),
(105, 97, 14, NULL, '2021-03-31', '20:24:44', 0, 0, 45500, '', '0', '0000-00-00', 0, 'BULK', '98,95,97,96', 'COLLECT', '2022-01-18 14:55:21', 966),
(106, 98, 14, NULL, '2021-03-31', '20:24:44', 0, 0, 45000, '', '0', '0000-00-00', 0, 'BULK', '98,95,97,96', 'COLLECT', '2022-01-18 14:55:21', 967),
(107, 99, 15, NULL, '2021-03-31', '20:54:27', 0, 0, 46600, '', '0', '0000-00-00', 0, 'BULK', '100,101,103,105,104,99,102,107,106', 'COLLECT', '2022-01-18 15:24:42', 968),
(108, 100, 15, NULL, '2021-03-31', '20:54:27', 0, 0, 39300, '', '0', '0000-00-00', 0, 'BULK', '100,101,103,105,104,99,102,107,106', 'COLLECT', '2022-01-18 15:24:42', 969),
(109, 101, 15, NULL, '2021-03-31', '20:54:27', 0, 0, 50400, '', '0', '0000-00-00', 0, 'BULK', '100,101,103,105,104,99,102,107,106', 'COLLECT', '2022-01-18 15:24:42', 970),
(110, 102, 15, NULL, '2021-03-31', '20:54:27', 0, 0, 36566, '', '0', '0000-00-00', 0, 'BULK', '100,101,103,105,104,99,102,107,106', 'COLLECT', '2022-01-18 15:24:42', 971),
(111, 103, 15, NULL, '2021-03-31', '20:54:27', 0, 0, 37782, '', '0', '0000-00-00', 0, 'BULK', '100,101,103,105,104,99,102,107,106', 'COLLECT', '2022-01-18 15:24:42', 972),
(112, 104, 15, NULL, '2021-03-31', '20:54:27', 0, 0, 40700, '', '0', '0000-00-00', 0, 'BULK', '100,101,103,105,104,99,102,107,106', 'COLLECT', '2022-01-18 15:24:42', 973),
(113, 105, 15, NULL, '2021-03-31', '20:54:27', 0, 0, 17000, '', '0', '0000-00-00', 0, 'BULK', '100,101,103,105,104,99,102,107,106', 'COLLECT', '2022-01-18 15:24:42', 974),
(114, 106, 15, NULL, '2021-03-31', '20:54:27', 0, 0, 17000, '', '0', '0000-00-00', 0, 'BULK', '100,101,103,105,104,99,102,107,106', 'COLLECT', '2022-01-18 15:24:42', 975),
(115, 107, 15, NULL, '2021-03-31', '20:54:27', 0, 0, 17000, '', '0', '0000-00-00', 0, 'BULK', '100,101,103,105,104,99,102,107,106', 'COLLECT', '2022-01-18 15:24:42', 976),
(116, 108, 16, NULL, '2021-03-31', '21:01:53', 0, 0, 34090, '', '0', '0000-00-00', 0, 'BULK', '110,108,109', 'COLLECT', '2022-01-18 15:32:00', 977),
(117, 109, 16, NULL, '2021-03-31', '21:01:53', 0, 0, 10000, '', '0', '0000-00-00', 0, 'BULK', '110,108,109', 'COLLECT', '2022-01-18 15:32:00', 978),
(118, 110, 16, NULL, '2021-03-31', '21:01:53', 0, 0, 6000, '', '0', '0000-00-00', 0, 'BULK', '110,108,109', 'COLLECT', '2022-01-18 15:32:00', 979),
(119, 108, 16, NULL, '2021-04-08', '21:02:23', 2, 0, 500, 'CASH', '0', '0000-00-00', 2, 'INDIVIDUAL', '108', 'COLLECT', '2022-01-18 15:32:47', 980),
(120, 108, 16, NULL, '2021-05-26', '21:02:53', 2, 0, 500, 'CASH', '0', '0000-00-00', 2, 'BULK', '108', 'COLLECT', '2022-01-18 15:33:12', 981),
(121, 108, 16, NULL, '2021-08-04', '21:03:17', 2, 0, 500, '', '0', '0000-00-00', 2, 'INDIVIDUAL', '108', 'COLLECT', '2022-01-18 15:36:04', 982),
(122, 108, 16, NULL, '2021-09-03', '21:06:07', 2, 0, 500, 'CASH', '0', '0000-00-00', 2, 'INDIVIDUAL', '108', 'COLLECT', '2022-01-18 15:36:45', 983),
(123, 111, 17, NULL, '2021-03-31', '21:10:44', 0, 0, 65200, '', '0', '0000-00-00', 0, 'BULK', '113,112,111', 'COLLECT', '2022-01-18 15:40:56', 984),
(124, 112, 17, NULL, '2021-03-31', '21:10:44', 0, 0, 48500, '', '0', '0000-00-00', 0, 'BULK', '113,112,111', 'COLLECT', '2022-01-18 15:40:56', 985),
(125, 113, 17, NULL, '2021-03-31', '21:10:44', 0, 0, 30500, '', '0', '0000-00-00', 0, 'BULK', '113,112,111', 'COLLECT', '2022-01-18 15:40:56', 986),
(126, 21, 3, NULL, '2021-06-19', '17:59:07', 2, 0, 2000, 'CHEQUE', '0', '0000-00-00', 2, 'BULK', '28,25,22,27,26,23,21,24', 'COLLECT', '2022-01-26 12:31:54', 987),
(127, 22, 3, NULL, '2021-06-19', '17:59:07', 2, 0, 1000, 'CHEQUE', '0', '0000-00-00', 2, 'BULK', '28,25,22,27,26,23,21,24', 'COLLECT', '2022-01-26 12:31:54', 988),
(128, 23, 3, NULL, '2021-06-19', '17:59:07', 2, 0, 2000, 'CHEQUE', '0', '0000-00-00', 2, 'BULK', '28,25,22,27,26,23,21,24', 'COLLECT', '2022-01-26 12:31:54', 989),
(129, 24, 3, NULL, '2021-06-19', '17:59:07', 2, 0, 2000, 'CHEQUE', '0', '0000-00-00', 2, 'BULK', '28,25,22,27,26,23,21,24', 'COLLECT', '2022-01-26 12:31:54', 990),
(130, 25, 3, NULL, '2021-06-19', '17:59:07', 2, 0, 2526, 'CHEQUE', '0', '0000-00-00', 2, 'BULK', '28,25,22,27,26,23,21,24', 'COLLECT', '2022-01-26 12:31:54', 991),
(131, 26, 3, NULL, '2021-06-19', '17:59:07', 2, 0, 2000, 'CHEQUE', '0', '0000-00-00', 2, 'BULK', '28,25,22,27,26,23,21,24', 'COLLECT', '2022-01-26 12:31:54', 992),
(132, 27, 3, NULL, '2021-06-19', '17:59:07', 2, 0, 2000, 'CHEQUE', '0', '0000-00-00', 2, 'BULK', '28,25,22,27,26,23,21,24', 'COLLECT', '2022-01-26 12:31:54', 993),
(133, 28, 3, NULL, '2021-06-19', '17:59:07', 2, 0, 1000, 'CHEQUE', '0', '0000-00-00', 2, 'BULK', '28,25,22,27,26,23,21,24', 'COLLECT', '2022-01-26 12:31:54', 994),
(134, 21, 3, NULL, '2021-07-30', '18:06:51', 2, 0, 1000, 'CHEQUE', '0', '0000-00-00', 2, 'BULK', '28,25,22,27,26,23,21,24', 'COLLECT', '2022-01-26 12:37:13', 995),
(135, 22, 3, NULL, '2021-07-30', '18:06:51', 2, 0, 500, 'CHEQUE', '0', '0000-00-00', 2, 'BULK', '28,25,22,27,26,23,21,24', 'COLLECT', '2022-01-26 12:37:13', 996),
(136, 23, 3, NULL, '2021-07-30', '18:06:51', 2, 0, 1000, 'CHEQUE', '0', '0000-00-00', 2, 'BULK', '28,25,22,27,26,23,21,24', 'COLLECT', '2022-01-26 12:37:13', 997),
(137, 24, 3, NULL, '2021-07-30', '18:06:51', 2, 0, 1000, 'CHEQUE', '0', '0000-00-00', 2, 'BULK', '28,25,22,27,26,23,21,24', 'COLLECT', '2022-01-26 12:37:13', 998),
(138, 25, 3, NULL, '2021-07-30', '18:06:51', 2, 0, 1000, 'CHEQUE', '0', '0000-00-00', 2, 'BULK', '28,25,22,27,26,23,21,24', 'COLLECT', '2022-01-26 12:37:13', 999),
(139, 26, 3, NULL, '2021-07-30', '18:06:51', 2, 0, 1000, 'CHEQUE', '0', '0000-00-00', 2, 'BULK', '28,25,22,27,26,23,21,24', 'COLLECT', '2022-01-26 12:37:13', 1000),
(140, 27, 3, NULL, '2021-07-30', '18:06:51', 2, 0, 1000, 'CHEQUE', '0', '0000-00-00', 2, 'BULK', '28,25,22,27,26,23,21,24', 'COLLECT', '2022-01-26 12:37:13', 1001),
(141, 28, 3, NULL, '2021-07-30', '18:06:51', 2, 0, 0, 'CHEQUE', '0', '0000-00-00', 2, 'BULK', '28,25,22,27,26,23,21,24', 'COLLECT', '2022-01-26 12:37:13', 1002),
(142, 21, 3, NULL, '2021-08-12', '18:09:02', 2, 0, 1000, 'CHEQUE', '0', '0000-00-00', 2, 'BULK', '28,25,22,27,26,23,21,24', 'COLLECT', '2022-01-26 12:39:25', 1003),
(143, 22, 3, NULL, '2021-08-12', '18:09:02', 2, 0, 500, 'CHEQUE', '0', '0000-00-00', 2, 'BULK', '28,25,22,27,26,23,21,24', 'COLLECT', '2022-01-26 12:39:25', 1004),
(144, 23, 3, NULL, '2021-08-12', '18:09:02', 2, 0, 1000, 'CHEQUE', '0', '0000-00-00', 2, 'BULK', '28,25,22,27,26,23,21,24', 'COLLECT', '2022-01-26 12:39:25', 1005),
(145, 24, 3, NULL, '2021-08-12', '18:09:02', 2, 0, 1000, 'CHEQUE', '0', '0000-00-00', 2, 'BULK', '28,25,22,27,26,23,21,24', 'COLLECT', '2022-01-26 12:39:25', 1006),
(146, 25, 3, NULL, '2021-08-12', '18:09:02', 2, 0, 1000, 'CHEQUE', '0', '0000-00-00', 2, 'BULK', '28,25,22,27,26,23,21,24', 'COLLECT', '2022-01-26 12:39:25', 1007),
(147, 26, 3, NULL, '2021-08-12', '18:09:02', 2, 0, 1000, 'CHEQUE', '0', '0000-00-00', 2, 'BULK', '28,25,22,27,26,23,21,24', 'COLLECT', '2022-01-26 12:39:25', 1008),
(148, 27, 3, NULL, '2021-08-12', '18:09:02', 2, 0, 1000, 'CHEQUE', '0', '0000-00-00', 2, 'BULK', '28,25,22,27,26,23,21,24', 'COLLECT', '2022-01-26 12:39:25', 1009),
(149, 28, 3, NULL, '2021-08-12', '18:09:02', 2, 0, 0, 'CHEQUE', '0', '0000-00-00', 2, 'BULK', '28,25,22,27,26,23,21,24', 'COLLECT', '2022-01-26 12:39:25', 1010),
(150, 21, 3, NULL, '2022-02-16', '18:10:55', 2, 0, 1000, 'CHEQUE', '0', '0000-00-00', 2, 'BULK', '28,25,22,27,26,23,21,24', 'COLLECT', '2022-01-26 12:41:16', 1011),
(151, 22, 3, NULL, '2022-02-16', '18:10:55', 2, 0, 500, 'CHEQUE', '0', '0000-00-00', 2, 'BULK', '28,25,22,27,26,23,21,24', 'COLLECT', '2022-01-26 12:41:16', 1012),
(152, 23, 3, NULL, '2022-02-16', '18:10:55', 2, 0, 1000, 'CHEQUE', '0', '0000-00-00', 2, 'BULK', '28,25,22,27,26,23,21,24', 'COLLECT', '2022-01-26 12:41:16', 1013),
(153, 24, 3, NULL, '2022-02-16', '18:10:55', 2, 0, 1000, 'CHEQUE', '0', '0000-00-00', 2, 'BULK', '28,25,22,27,26,23,21,24', 'COLLECT', '2022-01-26 12:41:16', 1014),
(154, 25, 3, NULL, '2022-02-16', '18:10:55', 2, 0, 1000, 'CHEQUE', '0', '0000-00-00', 2, 'BULK', '28,25,22,27,26,23,21,24', 'COLLECT', '2022-01-26 12:41:16', 1015),
(155, 26, 3, NULL, '2022-02-16', '18:10:55', 2, 0, 1000, 'CHEQUE', '0', '0000-00-00', 2, 'BULK', '28,25,22,27,26,23,21,24', 'COLLECT', '2022-01-26 12:41:16', 1016),
(156, 27, 3, NULL, '2022-02-16', '18:10:55', 2, 0, 1000, 'CHEQUE', '0', '0000-00-00', 2, 'BULK', '28,25,22,27,26,23,21,24', 'COLLECT', '2022-01-26 12:41:16', 1017),
(157, 28, 3, NULL, '2022-02-16', '18:10:55', 2, 0, 0, 'CHEQUE', '0', '0000-00-00', 2, 'BULK', '28,25,22,27,26,23,21,24', 'COLLECT', '2022-01-26 12:41:16', 1018),
(158, 21, 3, NULL, '2021-10-28', '18:11:44', 2, 0, 1000, 'CHEQUE', '0', '0000-00-00', 2, 'BULK', '28,25,22,27,26,23,21,24', 'COLLECT', '2022-01-26 12:42:07', 1019),
(159, 22, 3, NULL, '2021-10-28', '18:11:44', 2, 0, 500, 'CHEQUE', '0', '0000-00-00', 2, 'BULK', '28,25,22,27,26,23,21,24', 'COLLECT', '2022-01-26 12:42:07', 1020),
(160, 23, 3, NULL, '2021-10-28', '18:11:44', 2, 0, 1000, 'CHEQUE', '0', '0000-00-00', 2, 'BULK', '28,25,22,27,26,23,21,24', 'COLLECT', '2022-01-26 12:42:07', 1021),
(161, 24, 3, NULL, '2021-10-28', '18:11:44', 2, 0, 1000, 'CHEQUE', '0', '0000-00-00', 2, 'BULK', '28,25,22,27,26,23,21,24', 'COLLECT', '2022-01-26 12:42:07', 1022),
(162, 25, 3, NULL, '2021-10-28', '18:11:44', 2, 0, 1000, 'CHEQUE', '0', '0000-00-00', 2, 'BULK', '28,25,22,27,26,23,21,24', 'COLLECT', '2022-01-26 12:42:07', 1023),
(163, 26, 3, NULL, '2021-10-28', '18:11:44', 2, 0, 1000, 'CHEQUE', '0', '0000-00-00', 2, 'BULK', '28,25,22,27,26,23,21,24', 'COLLECT', '2022-01-26 12:42:07', 1024),
(164, 27, 3, NULL, '2021-10-28', '18:11:44', 2, 0, 1000, 'CHEQUE', '0', '0000-00-00', 2, 'BULK', '28,25,22,27,26,23,21,24', 'COLLECT', '2022-01-26 12:42:07', 1025),
(165, 28, 3, NULL, '2021-10-28', '18:11:44', 2, 0, 0, 'CHEQUE', '0', '0000-00-00', 2, 'BULK', '28,25,22,27,26,23,21,24', 'COLLECT', '2022-01-26 12:42:07', 1026),
(166, 21, 3, NULL, '2021-12-02', '18:12:32', 1, 0, 1000, 'CHEQUE', '000017', '0000-00-00', 1, 'BULK', '28,25,22,27,26,23,21,24', 'COLLECT', '2022-01-26 12:43:29', 1027),
(167, 22, 3, NULL, '2021-12-02', '18:12:32', 1, 0, 500, 'CHEQUE', '000017', '0000-00-00', 1, 'BULK', '28,25,22,27,26,23,21,24', 'COLLECT', '2022-01-26 12:43:29', 1028),
(168, 23, 3, NULL, '2021-12-02', '18:12:32', 1, 0, 1000, 'CHEQUE', '000017', '0000-00-00', 1, 'BULK', '28,25,22,27,26,23,21,24', 'COLLECT', '2022-01-26 12:43:29', 1029),
(169, 24, 3, NULL, '2021-12-02', '18:12:32', 1, 0, 1000, 'CHEQUE', '000017', '0000-00-00', 1, 'BULK', '28,25,22,27,26,23,21,24', 'COLLECT', '2022-01-26 12:43:29', 1030),
(170, 25, 3, NULL, '2021-12-02', '18:12:32', 1, 0, 1000, 'CHEQUE', '000017', '0000-00-00', 1, 'BULK', '28,25,22,27,26,23,21,24', 'COLLECT', '2022-01-26 12:43:29', 1031),
(171, 26, 3, NULL, '2021-12-02', '18:12:32', 1, 0, 1000, 'CHEQUE', '000017', '0000-00-00', 1, 'BULK', '28,25,22,27,26,23,21,24', 'COLLECT', '2022-01-26 12:43:29', 1032),
(172, 27, 3, NULL, '2021-12-02', '18:12:32', 1, 0, 1000, 'CHEQUE', '000017', '0000-00-00', 1, 'BULK', '28,25,22,27,26,23,21,24', 'COLLECT', '2022-01-26 12:43:29', 1033),
(173, 28, 3, NULL, '2021-12-02', '18:12:32', 1, 0, 0, 'CHEQUE', '000017', '0000-00-00', 1, 'BULK', '28,25,22,27,26,23,21,24', 'COLLECT', '2022-01-26 12:43:29', 1034),
(174, 21, 3, NULL, '2021-09-16', '18:15:38', 2, 0, 1000, 'CHEQUE', '0', '0000-00-00', 2, 'BULK', '28,25,22,27,26,23,21,24', 'COLLECT', '2022-01-26 12:45:57', 1035),
(175, 22, 3, NULL, '2021-09-16', '18:15:38', 2, 0, 500, 'CHEQUE', '0', '0000-00-00', 2, 'BULK', '28,25,22,27,26,23,21,24', 'COLLECT', '2022-01-26 12:45:57', 1036),
(176, 23, 3, NULL, '2021-09-16', '18:15:38', 2, 0, 1000, 'CHEQUE', '0', '0000-00-00', 2, 'BULK', '28,25,22,27,26,23,21,24', 'COLLECT', '2022-01-26 12:45:57', 1037),
(177, 24, 3, NULL, '2021-09-16', '18:15:38', 2, 0, 1000, 'CHEQUE', '0', '0000-00-00', 2, 'BULK', '28,25,22,27,26,23,21,24', 'COLLECT', '2022-01-26 12:45:57', 1038),
(178, 25, 3, NULL, '2021-09-16', '18:15:38', 2, 0, 1000, 'CHEQUE', '0', '0000-00-00', 2, 'BULK', '28,25,22,27,26,23,21,24', 'COLLECT', '2022-01-26 12:45:57', 1039),
(179, 26, 3, NULL, '2021-09-16', '18:15:38', 2, 0, 1000, 'CHEQUE', '0', '0000-00-00', 2, 'BULK', '28,25,22,27,26,23,21,24', 'COLLECT', '2022-01-26 12:45:57', 1040),
(180, 27, 3, NULL, '2021-09-16', '18:15:38', 2, 0, 1000, 'CHEQUE', '0', '0000-00-00', 2, 'BULK', '28,25,22,27,26,23,21,24', 'COLLECT', '2022-01-26 12:45:57', 1041),
(181, 28, 3, NULL, '2021-09-16', '18:15:38', 2, 0, 0, 'CHEQUE', '0', '0000-00-00', 2, 'BULK', '28,25,22,27,26,23,21,24', 'COLLECT', '2022-01-26 12:45:57', 1042),
(182, 21, 3, NULL, '2021-12-29', '18:16:00', 1, 0, 1000, 'CHEQUE', '000022', '0000-00-00', 1, 'BULK', '28,25,22,27,26,23,21,24', 'COLLECT', '2022-01-26 12:46:35', 1043),
(183, 22, 3, NULL, '2021-12-29', '18:16:00', 1, 0, 500, 'CHEQUE', '000022', '0000-00-00', 1, 'BULK', '28,25,22,27,26,23,21,24', 'COLLECT', '2022-01-26 12:46:35', 1044),
(184, 23, 3, NULL, '2021-12-29', '18:16:00', 1, 0, 1000, 'CHEQUE', '000022', '0000-00-00', 1, 'BULK', '28,25,22,27,26,23,21,24', 'COLLECT', '2022-01-26 12:46:35', 1045),
(185, 24, 3, NULL, '2021-12-29', '18:16:00', 1, 0, 1000, 'CHEQUE', '000022', '0000-00-00', 1, 'BULK', '28,25,22,27,26,23,21,24', 'COLLECT', '2022-01-26 12:46:35', 1046),
(186, 25, 3, NULL, '2021-12-29', '18:16:00', 1, 0, 1000, 'CHEQUE', '000022', '0000-00-00', 1, 'BULK', '28,25,22,27,26,23,21,24', 'COLLECT', '2022-01-26 12:46:35', 1047),
(187, 26, 3, NULL, '2021-12-29', '18:16:00', 1, 0, 1000, 'CHEQUE', '000022', '0000-00-00', 1, 'BULK', '28,25,22,27,26,23,21,24', 'COLLECT', '2022-01-26 12:46:35', 1048),
(188, 27, 3, NULL, '2021-12-29', '18:16:00', 1, 0, 1000, 'CHEQUE', '000022', '0000-00-00', 1, 'BULK', '28,25,22,27,26,23,21,24', 'COLLECT', '2022-01-26 12:46:35', 1049),
(189, 28, 3, NULL, '2021-12-29', '18:16:00', 1, 0, 0, 'CHEQUE', '000022', '0000-00-00', 1, 'BULK', '28,25,22,27,26,23,21,24', 'COLLECT', '2022-01-26 12:46:35', 1050),
(190, 29, 4, NULL, '2021-04-27', '08:15:05', 1, 0, 500, 'CHEQUE', '0', '0000-00-00', 1, 'BULK', '33,37,29,32,36,34,31,30,35', 'COLLECT', '2022-02-10 02:45:39', 1062),
(191, 30, 4, NULL, '2021-04-27', '08:15:05', 1, 0, 500, 'CHEQUE', '0', '0000-00-00', 1, 'BULK', '33,37,29,32,36,34,31,30,35', 'COLLECT', '2022-02-10 02:45:39', 1063),
(192, 31, 4, NULL, '2021-04-27', '08:15:05', 1, 0, 500, 'CHEQUE', '0', '0000-00-00', 1, 'BULK', '33,37,29,32,36,34,31,30,35', 'COLLECT', '2022-02-10 02:45:39', 1064),
(193, 32, 4, NULL, '2021-04-27', '08:15:05', 1, 0, 500, 'CHEQUE', '0', '0000-00-00', 1, 'BULK', '33,37,29,32,36,34,31,30,35', 'COLLECT', '2022-02-10 02:45:39', 1065),
(194, 33, 4, NULL, '2021-04-27', '08:15:05', 1, 0, 500, 'CHEQUE', '0', '0000-00-00', 1, 'BULK', '33,37,29,32,36,34,31,30,35', 'COLLECT', '2022-02-10 02:45:39', 1066),
(195, 34, 4, NULL, '2021-04-27', '08:15:05', 1, 0, 500, 'CHEQUE', '0', '0000-00-00', 1, 'BULK', '33,37,29,32,36,34,31,30,35', 'COLLECT', '2022-02-10 02:45:39', 1067),
(196, 35, 4, NULL, '2021-04-27', '08:15:05', 1, 0, 500, 'CHEQUE', '0', '0000-00-00', 1, 'BULK', '33,37,29,32,36,34,31,30,35', 'COLLECT', '2022-02-10 02:45:39', 1068),
(197, 36, 4, NULL, '2021-04-27', '08:15:05', 1, 0, 500, 'CHEQUE', '0', '0000-00-00', 1, 'BULK', '33,37,29,32,36,34,31,30,35', 'COLLECT', '2022-02-10 02:45:39', 1069),
(198, 37, 4, NULL, '2021-04-27', '08:15:05', 1, 0, 500, 'CHEQUE', '0', '0000-00-00', 1, 'BULK', '33,37,29,32,36,34,31,30,35', 'COLLECT', '2022-02-10 02:45:39', 1070),
(199, 29, 4, NULL, '2021-06-11', '08:17:04', 1, 0, 500, 'CHEQUE', '0', '0000-00-00', 1, 'BULK', '33,37,29,32,36,34,31,30,35', 'COLLECT', '2022-02-10 02:47:52', 1071),
(200, 30, 4, NULL, '2021-06-11', '08:17:04', 1, 0, 500, 'CHEQUE', '0', '0000-00-00', 1, 'BULK', '33,37,29,32,36,34,31,30,35', 'COLLECT', '2022-02-10 02:47:52', 1072),
(201, 31, 4, NULL, '2021-06-11', '08:17:04', 1, 0, 500, 'CHEQUE', '0', '0000-00-00', 1, 'BULK', '33,37,29,32,36,34,31,30,35', 'COLLECT', '2022-02-10 02:47:52', 1073),
(202, 32, 4, NULL, '2021-06-11', '08:17:04', 1, 0, 500, 'CHEQUE', '0', '0000-00-00', 1, 'BULK', '33,37,29,32,36,34,31,30,35', 'COLLECT', '2022-02-10 02:47:52', 1074),
(203, 33, 4, NULL, '2021-06-11', '08:17:04', 1, 0, 500, 'CHEQUE', '0', '0000-00-00', 1, 'BULK', '33,37,29,32,36,34,31,30,35', 'COLLECT', '2022-02-10 02:47:52', 1075),
(204, 34, 4, NULL, '2021-06-11', '08:17:04', 1, 0, 500, 'CHEQUE', '0', '0000-00-00', 1, 'BULK', '33,37,29,32,36,34,31,30,35', 'COLLECT', '2022-02-10 02:47:52', 1076),
(205, 35, 4, NULL, '2021-06-11', '08:17:04', 1, 0, 500, 'CHEQUE', '0', '0000-00-00', 1, 'BULK', '33,37,29,32,36,34,31,30,35', 'COLLECT', '2022-02-10 02:47:52', 1077),
(206, 36, 4, NULL, '2021-06-11', '08:17:04', 1, 0, 500, 'CHEQUE', '0', '0000-00-00', 1, 'BULK', '33,37,29,32,36,34,31,30,35', 'COLLECT', '2022-02-10 02:47:52', 1078),
(207, 37, 4, NULL, '2021-06-11', '08:17:04', 1, 0, 500, 'CHEQUE', '0', '0000-00-00', 1, 'BULK', '33,37,29,32,36,34,31,30,35', 'COLLECT', '2022-02-10 02:47:52', 1079),
(208, 29, 4, NULL, '2021-06-11', '08:18:16', 1, 0, 500, 'CHEQUE', '0', '0000-00-00', 1, 'BULK', '33,37,29,32,36,34,31,30,35', 'COLLECT', '2022-02-10 02:48:37', 1080),
(209, 30, 4, NULL, '2021-06-11', '08:18:16', 1, 0, 500, 'CHEQUE', '0', '0000-00-00', 1, 'BULK', '33,37,29,32,36,34,31,30,35', 'COLLECT', '2022-02-10 02:48:37', 1081),
(210, 31, 4, NULL, '2021-06-11', '08:18:16', 1, 0, 500, 'CHEQUE', '0', '0000-00-00', 1, 'BULK', '33,37,29,32,36,34,31,30,35', 'COLLECT', '2022-02-10 02:48:37', 1082),
(211, 32, 4, NULL, '2021-06-11', '08:18:16', 1, 0, 500, 'CHEQUE', '0', '0000-00-00', 1, 'BULK', '33,37,29,32,36,34,31,30,35', 'COLLECT', '2022-02-10 02:48:37', 1083),
(212, 33, 4, NULL, '2021-06-11', '08:18:16', 1, 0, 500, 'CHEQUE', '0', '0000-00-00', 1, 'BULK', '33,37,29,32,36,34,31,30,35', 'COLLECT', '2022-02-10 02:48:37', 1084),
(213, 34, 4, NULL, '2021-06-11', '08:18:16', 1, 0, 500, 'CHEQUE', '0', '0000-00-00', 1, 'BULK', '33,37,29,32,36,34,31,30,35', 'COLLECT', '2022-02-10 02:48:37', 1085),
(214, 35, 4, NULL, '2021-06-11', '08:18:16', 1, 0, 500, 'CHEQUE', '0', '0000-00-00', 1, 'BULK', '33,37,29,32,36,34,31,30,35', 'COLLECT', '2022-02-10 02:48:37', 1086),
(215, 36, 4, NULL, '2021-06-11', '08:18:16', 1, 0, 500, 'CHEQUE', '0', '0000-00-00', 1, 'BULK', '33,37,29,32,36,34,31,30,35', 'COLLECT', '2022-02-10 02:48:37', 1087),
(216, 37, 4, NULL, '2021-06-11', '08:18:16', 1, 0, 500, 'CHEQUE', '0', '0000-00-00', 1, 'BULK', '33,37,29,32,36,34,31,30,35', 'COLLECT', '2022-02-10 02:48:37', 1088),
(217, 29, 4, NULL, '2021-07-14', '08:20:05', 1, 0, 500, 'CHEQUE', '0', '0000-00-00', 0, 'BULK', '33,37,29,32,36,34,31,30,35', 'COLLECT', '2022-02-10 02:50:20', 1089),
(218, 30, 4, NULL, '2021-07-14', '08:20:05', 1, 0, 500, 'CHEQUE', '0', '0000-00-00', 0, 'BULK', '33,37,29,32,36,34,31,30,35', 'COLLECT', '2022-02-10 02:50:20', 1090),
(219, 31, 4, NULL, '2021-07-14', '08:20:05', 1, 0, 500, 'CHEQUE', '0', '0000-00-00', 0, 'BULK', '33,37,29,32,36,34,31,30,35', 'COLLECT', '2022-02-10 02:50:20', 1091),
(220, 32, 4, NULL, '2021-07-14', '08:20:05', 1, 0, 500, 'CHEQUE', '0', '0000-00-00', 0, 'BULK', '33,37,29,32,36,34,31,30,35', 'COLLECT', '2022-02-10 02:50:20', 1092),
(221, 33, 4, NULL, '2021-07-14', '08:20:05', 1, 0, 500, 'CHEQUE', '0', '0000-00-00', 0, 'BULK', '33,37,29,32,36,34,31,30,35', 'COLLECT', '2022-02-10 02:50:20', 1093),
(222, 34, 4, NULL, '2021-07-14', '08:20:05', 1, 0, 500, 'CHEQUE', '0', '0000-00-00', 0, 'BULK', '33,37,29,32,36,34,31,30,35', 'COLLECT', '2022-02-10 02:50:20', 1094),
(223, 35, 4, NULL, '2021-07-14', '08:20:05', 1, 0, 500, 'CHEQUE', '0', '0000-00-00', 0, 'BULK', '33,37,29,32,36,34,31,30,35', 'COLLECT', '2022-02-10 02:50:20', 1095),
(224, 36, 4, NULL, '2021-07-14', '08:20:05', 1, 0, 500, 'CHEQUE', '0', '0000-00-00', 0, 'BULK', '33,37,29,32,36,34,31,30,35', 'COLLECT', '2022-02-10 02:50:20', 1096),
(225, 37, 4, NULL, '2021-07-14', '08:20:05', 1, 0, 500, 'CHEQUE', '0', '0000-00-00', 0, 'BULK', '33,37,29,32,36,34,31,30,35', 'COLLECT', '2022-02-10 02:50:20', 1097),
(226, 29, 4, NULL, '2021-08-10', '08:26:28', 1, 0, 500, 'CHEQUE', '0', '0000-00-00', 1, 'BULK', '33,37,29,32,36,34,31,30,35', 'COLLECT', '2022-02-10 02:56:46', 1098),
(227, 30, 4, NULL, '2021-08-10', '08:26:28', 1, 0, 500, 'CHEQUE', '0', '0000-00-00', 1, 'BULK', '33,37,29,32,36,34,31,30,35', 'COLLECT', '2022-02-10 02:56:46', 1099),
(228, 31, 4, NULL, '2021-08-10', '08:26:28', 1, 0, 500, 'CHEQUE', '0', '0000-00-00', 1, 'BULK', '33,37,29,32,36,34,31,30,35', 'COLLECT', '2022-02-10 02:56:46', 1100),
(229, 32, 4, NULL, '2021-08-10', '08:26:28', 1, 0, 500, 'CHEQUE', '0', '0000-00-00', 1, 'BULK', '33,37,29,32,36,34,31,30,35', 'COLLECT', '2022-02-10 02:56:46', 1101),
(230, 33, 4, NULL, '2021-08-10', '08:26:28', 1, 0, 500, 'CHEQUE', '0', '0000-00-00', 1, 'BULK', '33,37,29,32,36,34,31,30,35', 'COLLECT', '2022-02-10 02:56:46', 1102),
(231, 34, 4, NULL, '2021-08-10', '08:26:28', 1, 0, 500, 'CHEQUE', '0', '0000-00-00', 1, 'BULK', '33,37,29,32,36,34,31,30,35', 'COLLECT', '2022-02-10 02:56:46', 1103),
(232, 35, 4, NULL, '2021-08-10', '08:26:28', 1, 0, 500, 'CHEQUE', '0', '0000-00-00', 1, 'BULK', '33,37,29,32,36,34,31,30,35', 'COLLECT', '2022-02-10 02:56:46', 1104),
(233, 36, 4, NULL, '2021-08-10', '08:26:28', 1, 0, 500, 'CHEQUE', '0', '0000-00-00', 1, 'BULK', '33,37,29,32,36,34,31,30,35', 'COLLECT', '2022-02-10 02:56:46', 1105),
(234, 37, 4, NULL, '2021-08-10', '08:26:28', 1, 0, 500, 'CHEQUE', '0', '0000-00-00', 1, 'BULK', '33,37,29,32,36,34,31,30,35', 'COLLECT', '2022-02-10 02:56:46', 1106),
(235, 29, 4, NULL, '2021-09-16', '08:27:14', 1, 0, 500, 'CHEQUE', '0', '0000-00-00', 0, 'BULK', '33,37,29,32,36,34,31,30,35', 'COLLECT', '2022-02-10 02:57:35', 1107),
(236, 30, 4, NULL, '2021-09-16', '08:27:14', 1, 0, 500, 'CHEQUE', '0', '0000-00-00', 0, 'BULK', '33,37,29,32,36,34,31,30,35', 'COLLECT', '2022-02-10 02:57:35', 1108),
(237, 31, 4, NULL, '2021-09-16', '08:27:14', 1, 0, 500, 'CHEQUE', '0', '0000-00-00', 0, 'BULK', '33,37,29,32,36,34,31,30,35', 'COLLECT', '2022-02-10 02:57:35', 1109),
(238, 32, 4, NULL, '2021-09-16', '08:27:14', 1, 0, 500, 'CHEQUE', '0', '0000-00-00', 0, 'BULK', '33,37,29,32,36,34,31,30,35', 'COLLECT', '2022-02-10 02:57:35', 1110),
(239, 33, 4, NULL, '2021-09-16', '08:27:14', 1, 0, 500, 'CHEQUE', '0', '0000-00-00', 0, 'BULK', '33,37,29,32,36,34,31,30,35', 'COLLECT', '2022-02-10 02:57:35', 1111),
(240, 34, 4, NULL, '2021-09-16', '08:27:14', 1, 0, 500, 'CHEQUE', '0', '0000-00-00', 0, 'BULK', '33,37,29,32,36,34,31,30,35', 'COLLECT', '2022-02-10 02:57:35', 1112),
(241, 35, 4, NULL, '2021-09-16', '08:27:14', 1, 0, 500, 'CHEQUE', '0', '0000-00-00', 0, 'BULK', '33,37,29,32,36,34,31,30,35', 'COLLECT', '2022-02-10 02:57:35', 1113),
(242, 36, 4, NULL, '2021-09-16', '08:27:14', 1, 0, 500, 'CHEQUE', '0', '0000-00-00', 0, 'BULK', '33,37,29,32,36,34,31,30,35', 'COLLECT', '2022-02-10 02:57:35', 1114),
(243, 37, 4, NULL, '2021-09-16', '08:27:14', 1, 0, 500, 'CHEQUE', '0', '0000-00-00', 0, 'BULK', '33,37,29,32,36,34,31,30,35', 'COLLECT', '2022-02-10 02:57:35', 1115),
(244, 29, 4, NULL, '2021-10-30', '08:28:24', 1, 0, 500, 'CHEQUE', '0', '0000-00-00', 0, 'BULK', '33,37,29,32,36,34,31,30,35', 'COLLECT', '2022-02-10 02:58:42', 1116),
(245, 30, 4, NULL, '2021-10-30', '08:28:24', 1, 0, 500, 'CHEQUE', '0', '0000-00-00', 0, 'BULK', '33,37,29,32,36,34,31,30,35', 'COLLECT', '2022-02-10 02:58:42', 1117),
(246, 31, 4, NULL, '2021-10-30', '08:28:24', 1, 0, 500, 'CHEQUE', '0', '0000-00-00', 0, 'BULK', '33,37,29,32,36,34,31,30,35', 'COLLECT', '2022-02-10 02:58:42', 1118),
(247, 32, 4, NULL, '2021-10-30', '08:28:24', 1, 0, 500, 'CHEQUE', '0', '0000-00-00', 0, 'BULK', '33,37,29,32,36,34,31,30,35', 'COLLECT', '2022-02-10 02:58:42', 1119),
(248, 33, 4, NULL, '2021-10-30', '08:28:24', 1, 0, 500, 'CHEQUE', '0', '0000-00-00', 0, 'BULK', '33,37,29,32,36,34,31,30,35', 'COLLECT', '2022-02-10 02:58:42', 1120),
(249, 34, 4, NULL, '2021-10-30', '08:28:24', 1, 0, 500, 'CHEQUE', '0', '0000-00-00', 0, 'BULK', '33,37,29,32,36,34,31,30,35', 'COLLECT', '2022-02-10 02:58:42', 1121),
(250, 35, 4, NULL, '2021-10-30', '08:28:24', 1, 0, 500, 'CHEQUE', '0', '0000-00-00', 0, 'BULK', '33,37,29,32,36,34,31,30,35', 'COLLECT', '2022-02-10 02:58:42', 1122),
(251, 36, 4, NULL, '2021-10-30', '08:28:24', 1, 0, 500, 'CHEQUE', '0', '0000-00-00', 0, 'BULK', '33,37,29,32,36,34,31,30,35', 'COLLECT', '2022-02-10 02:58:42', 1123),
(252, 37, 4, NULL, '2021-10-30', '08:28:24', 1, 0, 500, 'CHEQUE', '0', '0000-00-00', 0, 'BULK', '33,37,29,32,36,34,31,30,35', 'COLLECT', '2022-02-10 02:58:42', 1124),
(253, 29, 4, NULL, '2021-11-17', '08:29:07', 1, 0, 500, 'CHEQUE', '0', '0000-00-00', 0, 'BULK', '33,37,29,32,36,34,31,30,35', 'COLLECT', '2022-02-10 02:59:32', 1125),
(254, 30, 4, NULL, '2021-11-17', '08:29:07', 1, 0, 500, 'CHEQUE', '0', '0000-00-00', 0, 'BULK', '33,37,29,32,36,34,31,30,35', 'COLLECT', '2022-02-10 02:59:32', 1126),
(255, 31, 4, NULL, '2021-11-17', '08:29:07', 1, 0, 500, 'CHEQUE', '0', '0000-00-00', 0, 'BULK', '33,37,29,32,36,34,31,30,35', 'COLLECT', '2022-02-10 02:59:32', 1127),
(256, 32, 4, NULL, '2021-11-17', '08:29:07', 1, 0, 500, 'CHEQUE', '0', '0000-00-00', 0, 'BULK', '33,37,29,32,36,34,31,30,35', 'COLLECT', '2022-02-10 02:59:32', 1128),
(257, 33, 4, NULL, '2021-11-17', '08:29:07', 1, 0, 500, 'CHEQUE', '0', '0000-00-00', 0, 'BULK', '33,37,29,32,36,34,31,30,35', 'COLLECT', '2022-02-10 02:59:32', 1129),
(258, 34, 4, NULL, '2021-11-17', '08:29:07', 1, 0, 500, 'CHEQUE', '0', '0000-00-00', 0, 'BULK', '33,37,29,32,36,34,31,30,35', 'COLLECT', '2022-02-10 02:59:32', 1130),
(259, 35, 4, NULL, '2021-11-17', '08:29:07', 1, 0, 500, 'CHEQUE', '0', '0000-00-00', 0, 'BULK', '33,37,29,32,36,34,31,30,35', 'COLLECT', '2022-02-10 02:59:32', 1131),
(260, 36, 4, NULL, '2021-11-17', '08:29:07', 1, 0, 500, 'CHEQUE', '0', '0000-00-00', 0, 'BULK', '33,37,29,32,36,34,31,30,35', 'COLLECT', '2022-02-10 02:59:32', 1132),
(261, 37, 4, NULL, '2021-11-17', '08:29:07', 1, 0, 500, 'CHEQUE', '0', '0000-00-00', 0, 'BULK', '33,37,29,32,36,34,31,30,35', 'COLLECT', '2022-02-10 02:59:32', 1133),
(262, 29, 4, NULL, '2022-01-17', '08:30:23', 1, 0, 500, 'CHEQUE', '0', '0000-00-00', 0, 'BULK', '33,37,29,32,36,34,31,30,35', 'COLLECT', '2022-02-10 03:00:48', 1134),
(263, 30, 4, NULL, '2022-01-17', '08:30:23', 1, 0, 500, 'CHEQUE', '0', '0000-00-00', 0, 'BULK', '33,37,29,32,36,34,31,30,35', 'COLLECT', '2022-02-10 03:00:48', 1135),
(264, 31, 4, NULL, '2022-01-17', '08:30:23', 1, 0, 500, 'CHEQUE', '0', '0000-00-00', 0, 'BULK', '33,37,29,32,36,34,31,30,35', 'COLLECT', '2022-02-10 03:00:48', 1136),
(265, 32, 4, NULL, '2022-01-17', '08:30:23', 1, 0, 500, 'CHEQUE', '0', '0000-00-00', 0, 'BULK', '33,37,29,32,36,34,31,30,35', 'COLLECT', '2022-02-10 03:00:48', 1137),
(266, 33, 4, NULL, '2022-01-17', '08:30:23', 1, 0, 500, 'CHEQUE', '0', '0000-00-00', 0, 'BULK', '33,37,29,32,36,34,31,30,35', 'COLLECT', '2022-02-10 03:00:48', 1138),
(267, 34, 4, NULL, '2022-01-17', '08:30:23', 1, 0, 500, 'CHEQUE', '0', '0000-00-00', 0, 'BULK', '33,37,29,32,36,34,31,30,35', 'COLLECT', '2022-02-10 03:00:48', 1139),
(268, 35, 4, NULL, '2022-01-17', '08:30:23', 1, 0, 500, 'CHEQUE', '0', '0000-00-00', 0, 'BULK', '33,37,29,32,36,34,31,30,35', 'COLLECT', '2022-02-10 03:00:48', 1140),
(269, 36, 4, NULL, '2022-01-17', '08:30:23', 1, 0, 0, 'CHEQUE', '0', '0000-00-00', 0, 'BULK', '33,37,29,32,36,34,31,30,35', 'COLLECT', '2022-02-10 03:00:48', 1141),
(270, 37, 4, NULL, '2022-01-17', '08:30:23', 1, 0, 500, 'CHEQUE', '0', '0000-00-00', 0, 'BULK', '33,37,29,32,36,34,31,30,35', 'COLLECT', '2022-02-10 03:00:48', 1142),
(271, 29, 4, NULL, '2021-12-23', '08:31:10', 1, 0, 500, 'CHEQUE', '0', '0000-00-00', 0, 'BULK', '33,37,29,32,36,34,31,30,35', 'COLLECT', '2022-02-10 03:01:50', 1143),
(272, 30, 4, NULL, '2021-12-23', '08:31:10', 1, 0, 500, 'CHEQUE', '0', '0000-00-00', 0, 'BULK', '33,37,29,32,36,34,31,30,35', 'COLLECT', '2022-02-10 03:01:50', 1144),
(273, 31, 4, NULL, '2021-12-23', '08:31:10', 1, 0, 500, 'CHEQUE', '0', '0000-00-00', 0, 'BULK', '33,37,29,32,36,34,31,30,35', 'COLLECT', '2022-02-10 03:01:50', 1145),
(274, 32, 4, NULL, '2021-12-23', '08:31:10', 1, 0, 500, 'CHEQUE', '0', '0000-00-00', 0, 'BULK', '33,37,29,32,36,34,31,30,35', 'COLLECT', '2022-02-10 03:01:50', 1146),
(275, 33, 4, NULL, '2021-12-23', '08:31:10', 1, 0, 500, 'CHEQUE', '0', '0000-00-00', 0, 'BULK', '33,37,29,32,36,34,31,30,35', 'COLLECT', '2022-02-10 03:01:50', 1147),
(276, 34, 4, NULL, '2021-12-23', '08:31:10', 1, 0, 500, 'CHEQUE', '0', '0000-00-00', 0, 'BULK', '33,37,29,32,36,34,31,30,35', 'COLLECT', '2022-02-10 03:01:50', 1148),
(277, 35, 4, NULL, '2021-12-23', '08:31:10', 1, 0, 500, 'CHEQUE', '0', '0000-00-00', 0, 'BULK', '33,37,29,32,36,34,31,30,35', 'COLLECT', '2022-02-10 03:01:50', 1149),
(278, 36, 4, NULL, '2021-12-23', '08:31:10', 1, 0, 0, 'CHEQUE', '0', '0000-00-00', 0, 'BULK', '33,37,29,32,36,34,31,30,35', 'COLLECT', '2022-02-10 03:01:50', 1150),
(279, 37, 4, NULL, '2021-12-23', '08:31:10', 1, 0, 500, 'CHEQUE', '0', '0000-00-00', 0, 'BULK', '33,37,29,32,36,34,31,30,35', 'COLLECT', '2022-02-10 03:01:50', 1151),
(280, 32, 4, NULL, '2021-10-29', '09:40:04', 1, 60000, 0, 'CHEQUE', '0', '0000-00-00', 1, 'INDIVIDUAL', NULL, 'RETURN', '2022-02-10 04:10:33', 1152),
(281, 38, 5, NULL, '2021-04-17', '21:01:59', 1, 0, 500, 'CHEQUE', '0', '0000-00-00', 1, 'BULK', '39,42,40,43,38,41', 'COLLECT', '2022-02-28 15:33:49', 1162),
(282, 39, 5, NULL, '2021-04-17', '21:01:59', 1, 0, 500, 'CHEQUE', '0', '0000-00-00', 1, 'BULK', '39,42,40,43,38,41', 'COLLECT', '2022-02-28 15:33:49', 1163),
(283, 40, 5, NULL, '2021-04-17', '21:01:59', 1, 0, 500, 'CHEQUE', '0', '0000-00-00', 1, 'BULK', '39,42,40,43,38,41', 'COLLECT', '2022-02-28 15:33:49', 1164),
(284, 41, 5, NULL, '2021-04-17', '21:01:59', 1, 0, 500, 'CHEQUE', '0', '0000-00-00', 1, 'BULK', '39,42,40,43,38,41', 'COLLECT', '2022-02-28 15:33:49', 1165),
(285, 42, 5, NULL, '2021-04-17', '21:01:59', 1, 0, 500, 'CHEQUE', '0', '0000-00-00', 1, 'BULK', '39,42,40,43,38,41', 'COLLECT', '2022-02-28 15:33:49', 1166),
(286, 43, 5, NULL, '2021-04-17', '21:01:59', 1, 0, 500, 'CHEQUE', '0', '0000-00-00', 1, 'BULK', '39,42,40,43,38,41', 'COLLECT', '2022-02-28 15:33:49', 1167),
(287, 38, 5, NULL, '2021-07-15', '21:03:54', 1, 0, 500, 'CHEQUE', '0', '0000-00-00', 0, 'BULK', '39,42,40,43,38,41', 'COLLECT', '2022-02-28 15:34:24', 1168),
(288, 39, 5, NULL, '2021-07-15', '21:03:54', 1, 0, 500, 'CHEQUE', '0', '0000-00-00', 0, 'BULK', '39,42,40,43,38,41', 'COLLECT', '2022-02-28 15:34:24', 1169),
(289, 40, 5, NULL, '2021-07-15', '21:03:54', 1, 0, 500, 'CHEQUE', '0', '0000-00-00', 0, 'BULK', '39,42,40,43,38,41', 'COLLECT', '2022-02-28 15:34:24', 1170),
(290, 41, 5, NULL, '2021-07-15', '21:03:54', 1, 0, 500, 'CHEQUE', '0', '0000-00-00', 0, 'BULK', '39,42,40,43,38,41', 'COLLECT', '2022-02-28 15:34:24', 1171),
(291, 42, 5, NULL, '2021-07-15', '21:03:54', 1, 0, 500, 'CHEQUE', '0', '0000-00-00', 0, 'BULK', '39,42,40,43,38,41', 'COLLECT', '2022-02-28 15:34:24', 1172),
(292, 43, 5, NULL, '2021-07-15', '21:03:54', 1, 0, 500, 'CHEQUE', '0', '0000-00-00', 0, 'BULK', '39,42,40,43,38,41', 'COLLECT', '2022-02-28 15:34:25', 1173),
(293, 38, 5, NULL, '0000-00-00', '21:45:29', 1, 0, 500, 'CHEQUE', '0', '0000-00-00', 1, 'BULK', '39,42,40,43,38,41', 'COLLECT', '2022-02-28 16:15:52', 1174),
(294, 39, 5, NULL, '0000-00-00', '21:45:29', 1, 0, 500, 'CHEQUE', '0', '0000-00-00', 1, 'BULK', '39,42,40,43,38,41', 'COLLECT', '2022-02-28 16:15:52', 1175),
(295, 40, 5, NULL, '0000-00-00', '21:45:29', 1, 0, 500, 'CHEQUE', '0', '0000-00-00', 1, 'BULK', '39,42,40,43,38,41', 'COLLECT', '2022-02-28 16:15:52', 1176),
(296, 41, 5, NULL, '0000-00-00', '21:45:29', 1, 0, 500, 'CHEQUE', '0', '0000-00-00', 1, 'BULK', '39,42,40,43,38,41', 'COLLECT', '2022-02-28 16:15:52', 1177),
(297, 42, 5, NULL, '0000-00-00', '21:45:29', 1, 0, 500, 'CHEQUE', '0', '0000-00-00', 1, 'BULK', '39,42,40,43,38,41', 'COLLECT', '2022-02-28 16:15:52', 1178),
(298, 43, 5, NULL, '0000-00-00', '21:45:29', 1, 0, 500, 'CHEQUE', '0', '0000-00-00', 1, 'BULK', '39,42,40,43,38,41', 'COLLECT', '2022-02-28 16:15:52', 1179),
(299, 38, 5, NULL, '2021-07-08', '21:45:59', 1, 0, 500, 'CHEQUE', '0', '0000-00-00', 1, 'BULK', '39,42,40,43,38,41', 'COLLECT', '2022-02-28 16:16:18', 1180),
(300, 39, 5, NULL, '2021-07-08', '21:45:59', 1, 0, 500, 'CHEQUE', '0', '0000-00-00', 1, 'BULK', '39,42,40,43,38,41', 'COLLECT', '2022-02-28 16:16:18', 1181),
(301, 40, 5, NULL, '2021-07-08', '21:45:59', 1, 0, 500, 'CHEQUE', '0', '0000-00-00', 1, 'BULK', '39,42,40,43,38,41', 'COLLECT', '2022-02-28 16:16:18', 1182),
(302, 41, 5, NULL, '2021-07-08', '21:45:59', 1, 0, 500, 'CHEQUE', '0', '0000-00-00', 1, 'BULK', '39,42,40,43,38,41', 'COLLECT', '2022-02-28 16:16:18', 1183),
(303, 42, 5, NULL, '2021-07-08', '21:45:59', 1, 0, 500, 'CHEQUE', '0', '0000-00-00', 1, 'BULK', '39,42,40,43,38,41', 'COLLECT', '2022-02-28 16:16:18', 1184),
(304, 43, 5, NULL, '2021-07-08', '21:45:59', 1, 0, 500, 'CHEQUE', '0', '0000-00-00', 1, 'BULK', '39,42,40,43,38,41', 'COLLECT', '2022-02-28 16:16:18', 1185),
(305, 38, 5, NULL, '2021-08-12', '21:46:22', 1, 0, 500, 'CHEQUE', '0', '0000-00-00', 1, 'BULK', '39,42,40,43,38,41', 'COLLECT', '2022-02-28 16:16:43', 1186),
(306, 39, 5, NULL, '2021-08-12', '21:46:22', 1, 0, 500, 'CHEQUE', '0', '0000-00-00', 1, 'BULK', '39,42,40,43,38,41', 'COLLECT', '2022-02-28 16:16:43', 1187),
(307, 40, 5, NULL, '2021-08-12', '21:46:22', 1, 0, 500, 'CHEQUE', '0', '0000-00-00', 1, 'BULK', '39,42,40,43,38,41', 'COLLECT', '2022-02-28 16:16:43', 1188),
(308, 41, 5, NULL, '2021-08-12', '21:46:22', 1, 0, 500, 'CHEQUE', '0', '0000-00-00', 1, 'BULK', '39,42,40,43,38,41', 'COLLECT', '2022-02-28 16:16:43', 1189),
(309, 42, 5, NULL, '2021-08-12', '21:46:22', 1, 0, 500, 'CHEQUE', '0', '0000-00-00', 1, 'BULK', '39,42,40,43,38,41', 'COLLECT', '2022-02-28 16:16:43', 1190),
(310, 43, 5, NULL, '2021-08-12', '21:46:22', 1, 0, 500, 'CHEQUE', '0', '0000-00-00', 1, 'BULK', '39,42,40,43,38,41', 'COLLECT', '2022-02-28 16:16:43', 1191),
(311, 38, 5, NULL, '2021-09-24', '21:46:50', 1, 0, 500, 'CHEQUE', '0', '0000-00-00', 1, 'BULK', '39,42,40,43,38,41', 'COLLECT', '2022-02-28 16:17:10', 1192),
(312, 39, 5, NULL, '2021-09-24', '21:46:50', 1, 0, 500, 'CHEQUE', '0', '0000-00-00', 1, 'BULK', '39,42,40,43,38,41', 'COLLECT', '2022-02-28 16:17:10', 1193),
(313, 40, 5, NULL, '2021-09-24', '21:46:50', 1, 0, 500, 'CHEQUE', '0', '0000-00-00', 1, 'BULK', '39,42,40,43,38,41', 'COLLECT', '2022-02-28 16:17:10', 1194),
(314, 41, 5, NULL, '2021-09-24', '21:46:50', 1, 0, 500, 'CHEQUE', '0', '0000-00-00', 1, 'BULK', '39,42,40,43,38,41', 'COLLECT', '2022-02-28 16:17:10', 1195),
(315, 42, 5, NULL, '2021-09-24', '21:46:50', 1, 0, 500, 'CHEQUE', '0', '0000-00-00', 1, 'BULK', '39,42,40,43,38,41', 'COLLECT', '2022-02-28 16:17:10', 1196),
(316, 43, 5, NULL, '2021-09-24', '21:46:50', 1, 0, 500, 'CHEQUE', '0', '0000-00-00', 1, 'BULK', '39,42,40,43,38,41', 'COLLECT', '2022-02-28 16:17:10', 1197),
(317, 38, 5, NULL, '2021-10-30', '21:47:17', 1, 0, 500, 'CHEQUE', '0', '0000-00-00', 1, 'BULK', '39,42,40,43,38,41', 'COLLECT', '2022-02-28 16:17:34', 1198),
(318, 39, 5, NULL, '2021-10-30', '21:47:17', 1, 0, 500, 'CHEQUE', '0', '0000-00-00', 1, 'BULK', '39,42,40,43,38,41', 'COLLECT', '2022-02-28 16:17:34', 1199),
(319, 40, 5, NULL, '2021-10-30', '21:47:17', 1, 0, 500, 'CHEQUE', '0', '0000-00-00', 1, 'BULK', '39,42,40,43,38,41', 'COLLECT', '2022-02-28 16:17:34', 1200),
(320, 41, 5, NULL, '2021-10-30', '21:47:17', 1, 0, 500, 'CHEQUE', '0', '0000-00-00', 1, 'BULK', '39,42,40,43,38,41', 'COLLECT', '2022-02-28 16:17:34', 1201),
(321, 42, 5, NULL, '2021-10-30', '21:47:17', 1, 0, 500, 'CHEQUE', '0', '0000-00-00', 1, 'BULK', '39,42,40,43,38,41', 'COLLECT', '2022-02-28 16:17:34', 1202);
INSERT INTO `savings_ledger` (`id`, `teacher_id`, `school_id`, `billno`, `date`, `time`, `to_bank`, `debit`, `credit`, `pay_mode`, `cheque_number`, `cheque_date`, `cheque_bank`, `pay_for`, `whotheyare`, `collect_return`, `entry_time`, `transaction_id`) VALUES
(322, 43, 5, NULL, '2021-10-30', '21:47:17', 1, 0, 500, 'CHEQUE', '0', '0000-00-00', 1, 'BULK', '39,42,40,43,38,41', 'COLLECT', '2022-02-28 16:17:34', 1203),
(323, 38, 5, NULL, '2021-12-01', '21:47:43', 1, 0, 500, 'CHEQUE', '0', '0000-00-00', 1, 'BULK', '39,42,40,43,38,41', 'COLLECT', '2022-02-28 16:17:58', 1204),
(324, 39, 5, NULL, '2021-12-01', '21:47:43', 1, 0, 500, 'CHEQUE', '0', '0000-00-00', 1, 'BULK', '39,42,40,43,38,41', 'COLLECT', '2022-02-28 16:17:58', 1205),
(325, 40, 5, NULL, '2021-12-01', '21:47:43', 1, 0, 500, 'CHEQUE', '0', '0000-00-00', 1, 'BULK', '39,42,40,43,38,41', 'COLLECT', '2022-02-28 16:17:58', 1206),
(326, 41, 5, NULL, '2021-12-01', '21:47:43', 1, 0, 500, 'CHEQUE', '0', '0000-00-00', 1, 'BULK', '39,42,40,43,38,41', 'COLLECT', '2022-02-28 16:17:58', 1207),
(327, 42, 5, NULL, '2021-12-01', '21:47:43', 1, 0, 500, 'CHEQUE', '0', '0000-00-00', 1, 'BULK', '39,42,40,43,38,41', 'COLLECT', '2022-02-28 16:17:58', 1208),
(328, 43, 5, NULL, '2021-12-01', '21:47:43', 1, 0, 500, 'CHEQUE', '0', '0000-00-00', 1, 'BULK', '39,42,40,43,38,41', 'COLLECT', '2022-02-28 16:17:58', 1209),
(329, 99, 15, NULL, '2021-10-07', '13:03:02', 1, 0, 1000, 'CHEQUE', '0', '0000-00-00', 1, 'BULK', '100,101,103,105,104,99,102,107,106', 'COLLECT', '2022-03-01 07:33:29', 1257),
(330, 100, 15, NULL, '2021-10-07', '13:03:02', 1, 0, 1000, 'CHEQUE', '0', '0000-00-00', 1, 'BULK', '100,101,103,105,104,99,102,107,106', 'COLLECT', '2022-03-01 07:33:29', 1258),
(331, 101, 15, NULL, '2021-10-07', '13:03:02', 1, 0, 1000, 'CHEQUE', '0', '0000-00-00', 1, 'BULK', '100,101,103,105,104,99,102,107,106', 'COLLECT', '2022-03-01 07:33:29', 1259),
(332, 102, 15, NULL, '2021-10-07', '13:03:02', 1, 0, 1000, 'CHEQUE', '0', '0000-00-00', 1, 'BULK', '100,101,103,105,104,99,102,107,106', 'COLLECT', '2022-03-01 07:33:29', 1260),
(333, 103, 15, NULL, '2021-10-07', '13:03:02', 1, 0, 1000, 'CHEQUE', '0', '0000-00-00', 1, 'BULK', '100,101,103,105,104,99,102,107,106', 'COLLECT', '2022-03-01 07:33:29', 1261),
(334, 104, 15, NULL, '2021-10-07', '13:03:02', 1, 0, 1000, 'CHEQUE', '0', '0000-00-00', 1, 'BULK', '100,101,103,105,104,99,102,107,106', 'COLLECT', '2022-03-01 07:33:29', 1262),
(335, 105, 15, NULL, '2021-10-07', '13:03:02', 1, 0, 1000, 'CHEQUE', '0', '0000-00-00', 1, 'BULK', '100,101,103,105,104,99,102,107,106', 'COLLECT', '2022-03-01 07:33:30', 1263),
(336, 106, 15, NULL, '2021-10-07', '13:03:02', 1, 0, 1000, 'CHEQUE', '0', '0000-00-00', 1, 'BULK', '100,101,103,105,104,99,102,107,106', 'COLLECT', '2022-03-01 07:33:30', 1264),
(337, 107, 15, NULL, '2021-10-07', '13:03:02', 1, 0, 1000, 'CHEQUE', '0', '0000-00-00', 1, 'BULK', '100,101,103,105,104,99,102,107,106', 'COLLECT', '2022-03-01 07:33:30', 1265),
(338, 99, 15, NULL, '2021-12-07', '13:03:46', 1, 0, 1000, 'CHEQUE', '0', '0000-00-00', 1, 'BULK', '100,101,103,105,104,99,102,107,106', 'COLLECT', '2022-03-01 07:34:07', 1266),
(339, 100, 15, NULL, '2021-12-07', '13:03:46', 1, 0, 1000, 'CHEQUE', '0', '0000-00-00', 1, 'BULK', '100,101,103,105,104,99,102,107,106', 'COLLECT', '2022-03-01 07:34:07', 1267),
(340, 101, 15, NULL, '2021-12-07', '13:03:46', 1, 0, 1000, 'CHEQUE', '0', '0000-00-00', 1, 'BULK', '100,101,103,105,104,99,102,107,106', 'COLLECT', '2022-03-01 07:34:07', 1268),
(341, 102, 15, NULL, '2021-12-07', '13:03:46', 1, 0, 1000, 'CHEQUE', '0', '0000-00-00', 1, 'BULK', '100,101,103,105,104,99,102,107,106', 'COLLECT', '2022-03-01 07:34:07', 1269),
(342, 103, 15, NULL, '2021-12-07', '13:03:46', 1, 0, 1000, 'CHEQUE', '0', '0000-00-00', 1, 'BULK', '100,101,103,105,104,99,102,107,106', 'COLLECT', '2022-03-01 07:34:07', 1270),
(343, 104, 15, NULL, '2021-12-07', '13:03:46', 1, 0, 1000, 'CHEQUE', '0', '0000-00-00', 1, 'BULK', '100,101,103,105,104,99,102,107,106', 'COLLECT', '2022-03-01 07:34:07', 1271),
(344, 105, 15, NULL, '2021-12-07', '13:03:46', 1, 0, 1000, 'CHEQUE', '0', '0000-00-00', 1, 'BULK', '100,101,103,105,104,99,102,107,106', 'COLLECT', '2022-03-01 07:34:07', 1272),
(345, 106, 15, NULL, '2021-12-07', '13:03:46', 1, 0, 1000, 'CHEQUE', '0', '0000-00-00', 1, 'BULK', '100,101,103,105,104,99,102,107,106', 'COLLECT', '2022-03-01 07:34:07', 1273),
(346, 107, 15, NULL, '2021-12-07', '13:03:46', 1, 0, 1000, 'CHEQUE', '0', '0000-00-00', 1, 'BULK', '100,101,103,105,104,99,102,107,106', 'COLLECT', '2022-03-01 07:34:07', 1274),
(347, 99, 15, NULL, '2022-01-03', '13:04:35', 1, 0, 1000, 'CHEQUE', '0', '0000-00-00', 1, 'BULK', '100,101,103,105,104,99,102,107,106', 'COLLECT', '2022-03-01 07:35:02', 1275),
(348, 100, 15, NULL, '2022-01-03', '13:04:35', 1, 0, 1000, 'CHEQUE', '0', '0000-00-00', 1, 'BULK', '100,101,103,105,104,99,102,107,106', 'COLLECT', '2022-03-01 07:35:02', 1276),
(349, 101, 15, NULL, '2022-01-03', '13:04:35', 1, 0, 1000, 'CHEQUE', '0', '0000-00-00', 1, 'BULK', '100,101,103,105,104,99,102,107,106', 'COLLECT', '2022-03-01 07:35:02', 1277),
(350, 102, 15, NULL, '2022-01-03', '13:04:35', 1, 0, 1000, 'CHEQUE', '0', '0000-00-00', 1, 'BULK', '100,101,103,105,104,99,102,107,106', 'COLLECT', '2022-03-01 07:35:02', 1278),
(351, 103, 15, NULL, '2022-01-03', '13:04:35', 1, 0, 1000, 'CHEQUE', '0', '0000-00-00', 1, 'BULK', '100,101,103,105,104,99,102,107,106', 'COLLECT', '2022-03-01 07:35:02', 1279),
(352, 104, 15, NULL, '2022-01-03', '13:04:35', 1, 0, 1000, 'CHEQUE', '0', '0000-00-00', 1, 'BULK', '100,101,103,105,104,99,102,107,106', 'COLLECT', '2022-03-01 07:35:02', 1280),
(353, 105, 15, NULL, '2022-01-03', '13:04:35', 1, 0, 1000, 'CHEQUE', '0', '0000-00-00', 1, 'BULK', '100,101,103,105,104,99,102,107,106', 'COLLECT', '2022-03-01 07:35:02', 1281),
(354, 106, 15, NULL, '2022-01-03', '13:04:35', 1, 0, 1000, 'CHEQUE', '0', '0000-00-00', 1, 'BULK', '100,101,103,105,104,99,102,107,106', 'COLLECT', '2022-03-01 07:35:02', 1282),
(355, 107, 15, NULL, '2022-01-03', '13:04:35', 1, 0, 1000, 'CHEQUE', '0', '0000-00-00', 1, 'BULK', '100,101,103,105,104,99,102,107,106', 'COLLECT', '2022-03-01 07:35:02', 1283),
(356, 73, 10, NULL, '2021-04-15', '21:48:40', 1, 0, 500, 'CHEQUE', '0', '0000-00-00', 0, 'BULK', '73,74', 'COLLECT', '2022-03-01 16:19:00', 1284),
(357, 74, 10, NULL, '2021-04-15', '21:48:40', 1, 0, 500, 'CHEQUE', '0', '0000-00-00', 0, 'BULK', '73,74', 'COLLECT', '2022-03-01 16:19:00', 1285),
(358, 73, 10, NULL, '2021-06-17', '21:49:33', 1, 0, 500, 'CHEQUE', '0', '0000-00-00', 1, 'BULK', '73,74', 'COLLECT', '2022-03-01 16:19:52', 1286),
(359, 74, 10, NULL, '2021-06-17', '21:49:33', 1, 0, 500, 'CHEQUE', '0', '0000-00-00', 1, 'BULK', '73,74', 'COLLECT', '2022-03-01 16:19:52', 1287),
(360, 73, 10, NULL, '2021-06-21', '21:49:57', 1, 0, 500, 'CHEQUE', '0', '0000-00-00', 0, 'BULK', '73,74', 'COLLECT', '2022-03-01 16:20:09', 1288),
(361, 74, 10, NULL, '2021-06-21', '21:49:57', 1, 0, 500, 'CHEQUE', '0', '0000-00-00', 0, 'BULK', '73,74', 'COLLECT', '2022-03-01 16:20:09', 1289),
(362, 73, 10, NULL, '2021-07-20', '21:51:00', 1, 0, 500, 'CHEQUE', '0', '0000-00-00', 1, 'BULK', '73,74', 'COLLECT', '2022-03-01 16:21:10', 1290),
(363, 74, 10, NULL, '2021-07-20', '21:51:00', 1, 0, 500, 'CHEQUE', '0', '0000-00-00', 1, 'BULK', '73,74', 'COLLECT', '2022-03-01 16:21:10', 1291),
(364, 73, 10, NULL, '2021-08-23', '21:51:36', 1, 0, 500, 'CHEQUE', '0', '0000-00-00', 1, 'BULK', '73,74', 'COLLECT', '2022-03-01 16:21:54', 1292),
(365, 74, 10, NULL, '2021-08-23', '21:51:36', 1, 0, 500, 'CHEQUE', '0', '0000-00-00', 1, 'BULK', '73,74', 'COLLECT', '2022-03-01 16:21:54', 1293),
(366, 73, 10, NULL, '2021-09-28', '21:52:41', 1, 0, 500, 'CHEQUE', '0', '0000-00-00', 1, 'BULK', '73,74', 'COLLECT', '2022-03-01 16:22:55', 1294),
(367, 74, 10, NULL, '2021-09-28', '21:52:41', 1, 0, 500, 'CHEQUE', '0', '0000-00-00', 1, 'BULK', '73,74', 'COLLECT', '2022-03-01 16:22:55', 1295),
(368, 73, 10, NULL, '2021-11-06', '21:53:19', 1, 0, 500, 'CHEQUE', '0', '0000-00-00', 1, 'BULK', '73,74', 'COLLECT', '2022-03-01 16:23:37', 1296),
(369, 74, 10, NULL, '2021-11-06', '21:53:19', 1, 0, 500, 'CHEQUE', '0', '0000-00-00', 1, 'BULK', '73,74', 'COLLECT', '2022-03-01 16:23:37', 1297),
(370, 73, 10, NULL, '2021-12-07', '21:54:07', 1, 0, 500, 'CHEQUE', '0', '0000-00-00', 1, 'BULK', '73,74', 'COLLECT', '2022-03-01 16:24:19', 1298),
(371, 74, 10, NULL, '2021-12-07', '21:54:07', 1, 0, 500, 'CHEQUE', '0', '0000-00-00', 1, 'BULK', '73,74', 'COLLECT', '2022-03-01 16:24:19', 1299),
(372, 73, 10, NULL, '2022-01-21', '21:54:50', 1, 0, 500, 'CHEQUE', '0', '0000-00-00', 1, 'BULK', '73,74', 'COLLECT', '2022-03-01 16:25:03', 1300),
(373, 74, 10, NULL, '2022-01-21', '21:54:50', 1, 0, 500, 'CHEQUE', '0', '0000-00-00', 1, 'BULK', '73,74', 'COLLECT', '2022-03-01 16:25:03', 1301),
(374, 73, 10, NULL, '2021-12-29', '21:55:22', 1, 0, 500, 'CHEQUE', '0', '0000-00-00', 1, 'BULK', '73,74', 'COLLECT', '2022-03-01 16:26:47', 1302),
(375, 74, 10, NULL, '2021-12-29', '21:55:22', 1, 0, 500, 'CHEQUE', '0', '0000-00-00', 1, 'BULK', '73,74', 'COLLECT', '2022-03-01 16:26:47', 1303),
(376, 95, 14, NULL, '2021-04-12', '22:01:17', 1, 0, 500, 'CHEQUE', '0', '0000-00-00', 1, 'BULK', '98,95,97,96', 'COLLECT', '2022-03-01 16:31:45', 1305),
(377, 96, 14, NULL, '2021-04-12', '22:01:17', 1, 0, 500, 'CHEQUE', '0', '0000-00-00', 1, 'BULK', '98,95,97,96', 'COLLECT', '2022-03-01 16:31:45', 1306),
(378, 97, 14, NULL, '2021-04-12', '22:01:17', 1, 0, 500, 'CHEQUE', '0', '0000-00-00', 1, 'BULK', '98,95,97,96', 'COLLECT', '2022-03-01 16:31:45', 1307),
(379, 98, 14, NULL, '2021-04-12', '22:01:17', 1, 0, 500, 'CHEQUE', '0', '0000-00-00', 1, 'BULK', '98,95,97,96', 'COLLECT', '2022-03-01 16:31:45', 1308),
(380, 95, 14, NULL, '2021-06-29', '22:02:16', 1, 0, 500, 'CHEQUE', '0', '0000-00-00', 2, 'BULK', '98,95,97,96', 'COLLECT', '2022-03-01 16:32:29', 1309),
(381, 96, 14, NULL, '2021-06-29', '22:02:16', 1, 0, 500, 'CHEQUE', '0', '0000-00-00', 2, 'BULK', '98,95,97,96', 'COLLECT', '2022-03-01 16:32:29', 1310),
(382, 97, 14, NULL, '2021-06-29', '22:02:16', 1, 0, 500, 'CHEQUE', '0', '0000-00-00', 2, 'BULK', '98,95,97,96', 'COLLECT', '2022-03-01 16:32:29', 1311),
(383, 98, 14, NULL, '2021-06-29', '22:02:16', 1, 0, 500, 'CHEQUE', '0', '0000-00-00', 2, 'BULK', '98,95,97,96', 'COLLECT', '2022-03-01 16:32:29', 1312),
(384, 95, 14, NULL, '2021-07-15', '22:04:43', 1, 0, 500, 'CHEQUE', '0', '0000-00-00', 1, 'BULK', '98,95,97,96', 'COLLECT', '2022-03-01 16:35:11', 1313),
(385, 96, 14, NULL, '2021-07-15', '22:04:43', 1, 0, 500, 'CHEQUE', '0', '0000-00-00', 1, 'BULK', '98,95,97,96', 'COLLECT', '2022-03-01 16:35:11', 1314),
(386, 97, 14, NULL, '2021-07-15', '22:04:43', 1, 0, 500, 'CHEQUE', '0', '0000-00-00', 1, 'BULK', '98,95,97,96', 'COLLECT', '2022-03-01 16:35:11', 1315),
(387, 98, 14, NULL, '2021-07-15', '22:04:43', 1, 0, 500, 'CHEQUE', '0', '0000-00-00', 1, 'BULK', '98,95,97,96', 'COLLECT', '2022-03-01 16:35:11', 1316),
(388, 95, 14, NULL, '2021-06-29', '22:05:34', 1, 0, 500, 'CHEQUE', '0', '0000-00-00', 1, 'BULK', '98,95,97,96', 'COLLECT', '2022-03-01 16:36:24', 1317),
(389, 96, 14, NULL, '2021-06-29', '22:05:34', 1, 0, 500, 'CHEQUE', '0', '0000-00-00', 1, 'BULK', '98,95,97,96', 'COLLECT', '2022-03-01 16:36:24', 1318),
(390, 97, 14, NULL, '2021-06-29', '22:05:34', 1, 0, 500, 'CHEQUE', '0', '0000-00-00', 1, 'BULK', '98,95,97,96', 'COLLECT', '2022-03-01 16:36:24', 1319),
(391, 98, 14, NULL, '2021-06-29', '22:05:34', 1, 0, 500, 'CHEQUE', '0', '0000-00-00', 1, 'BULK', '98,95,97,96', 'COLLECT', '2022-03-01 16:36:24', 1320),
(392, 95, 14, NULL, '2021-08-16', '22:06:47', 1, 0, 500, 'CHEQUE', '0', '0000-00-00', 1, 'BULK', '98,95,97,96', 'COLLECT', '2022-03-01 16:37:17', 1321),
(393, 96, 14, NULL, '2021-08-16', '22:06:47', 1, 0, 500, 'CHEQUE', '0', '0000-00-00', 1, 'BULK', '98,95,97,96', 'COLLECT', '2022-03-01 16:37:17', 1322),
(394, 97, 14, NULL, '2021-08-16', '22:06:47', 1, 0, 500, 'CHEQUE', '0', '0000-00-00', 1, 'BULK', '98,95,97,96', 'COLLECT', '2022-03-01 16:37:17', 1323),
(395, 98, 14, NULL, '2021-08-16', '22:06:47', 1, 0, 500, 'CHEQUE', '0', '0000-00-00', 1, 'BULK', '98,95,97,96', 'COLLECT', '2022-03-01 16:37:17', 1324),
(396, 95, 14, NULL, '2021-09-24', '22:08:07', 1, 0, 500, 'CHEQUE', '0', '0000-00-00', 1, 'BULK', '98,95,97,96', 'COLLECT', '2022-03-01 16:38:21', 1325),
(397, 96, 14, NULL, '2021-09-24', '22:08:07', 1, 0, 500, 'CHEQUE', '0', '0000-00-00', 1, 'BULK', '98,95,97,96', 'COLLECT', '2022-03-01 16:38:21', 1326),
(398, 97, 14, NULL, '2021-09-24', '22:08:07', 1, 0, 500, 'CHEQUE', '0', '0000-00-00', 1, 'BULK', '98,95,97,96', 'COLLECT', '2022-03-01 16:38:21', 1327),
(399, 98, 14, NULL, '2021-09-24', '22:08:07', 1, 0, 500, 'CHEQUE', '0', '0000-00-00', 1, 'BULK', '98,95,97,96', 'COLLECT', '2022-03-01 16:38:21', 1328),
(400, 95, 14, NULL, '2021-12-22', '22:09:32', 1, 0, 500, 'CHEQUE', '0', '0000-00-00', 1, 'BULK', '98,95,97,96', 'COLLECT', '2022-03-01 16:39:53', 1329),
(401, 96, 14, NULL, '2021-12-22', '22:09:32', 1, 0, 500, 'CHEQUE', '0', '0000-00-00', 1, 'BULK', '98,95,97,96', 'COLLECT', '2022-03-01 16:39:53', 1330),
(402, 97, 14, NULL, '2021-12-22', '22:09:32', 1, 0, 500, 'CHEQUE', '0', '0000-00-00', 1, 'BULK', '98,95,97,96', 'COLLECT', '2022-03-01 16:39:53', 1331),
(403, 98, 14, NULL, '2021-12-22', '22:09:32', 1, 0, 500, 'CHEQUE', '0', '0000-00-00', 1, 'BULK', '98,95,97,96', 'COLLECT', '2022-03-01 16:39:53', 1332),
(404, 95, 14, NULL, '2022-01-21', '22:10:39', 1, 0, 500, 'CHEQUE', '0', '0000-00-00', 1, 'BULK', '98,95,97,96', 'COLLECT', '2022-03-01 16:41:02', 1333),
(405, 96, 14, NULL, '2022-01-21', '22:10:39', 1, 0, 500, 'CHEQUE', '0', '0000-00-00', 1, 'BULK', '98,95,97,96', 'COLLECT', '2022-03-01 16:41:02', 1334),
(406, 97, 14, NULL, '2022-01-21', '22:10:39', 1, 0, 500, 'CHEQUE', '0', '0000-00-00', 1, 'BULK', '98,95,97,96', 'COLLECT', '2022-03-01 16:41:02', 1335),
(407, 98, 14, NULL, '2022-01-21', '22:10:39', 1, 0, 500, 'CHEQUE', '0', '0000-00-00', 1, 'BULK', '98,95,97,96', 'COLLECT', '2022-03-01 16:41:02', 1336),
(408, 89, 13, NULL, '2021-05-04', '07:51:46', 1, 0, 500, 'CHEQUE', '0', '0000-00-00', 1, 'BULK', '92,89,90,93,91,94', 'COLLECT', '2022-03-02 02:22:49', 1337),
(409, 90, 13, NULL, '2021-05-04', '07:51:46', 1, 0, 500, 'CHEQUE', '0', '0000-00-00', 1, 'BULK', '92,89,90,93,91,94', 'COLLECT', '2022-03-02 02:22:49', 1338),
(410, 91, 13, NULL, '2021-05-04', '07:51:46', 1, 0, 500, 'CHEQUE', '0', '0000-00-00', 1, 'BULK', '92,89,90,93,91,94', 'COLLECT', '2022-03-02 02:22:49', 1339),
(411, 92, 13, NULL, '2021-05-04', '07:51:46', 1, 0, 500, 'CHEQUE', '0', '0000-00-00', 1, 'BULK', '92,89,90,93,91,94', 'COLLECT', '2022-03-02 02:22:49', 1340),
(412, 93, 13, NULL, '2021-05-04', '07:51:46', 1, 0, 500, 'CHEQUE', '0', '0000-00-00', 1, 'BULK', '92,89,90,93,91,94', 'COLLECT', '2022-03-02 02:22:49', 1341),
(413, 94, 13, NULL, '2021-05-04', '07:51:46', 1, 0, 500, 'CHEQUE', '0', '0000-00-00', 1, 'BULK', '92,89,90,93,91,94', 'COLLECT', '2022-03-02 02:22:49', 1342),
(414, 89, 13, NULL, '2021-05-04', '07:52:55', 1, 0, 500, 'CHEQUE', '0', '0000-00-00', 1, 'BULK', '92,89,90,93,91,94', 'COLLECT', '2022-03-02 02:23:15', 1343),
(415, 90, 13, NULL, '2021-05-04', '07:52:55', 1, 0, 500, 'CHEQUE', '0', '0000-00-00', 1, 'BULK', '92,89,90,93,91,94', 'COLLECT', '2022-03-02 02:23:15', 1344),
(416, 91, 13, NULL, '2021-05-04', '07:52:55', 1, 0, 500, 'CHEQUE', '0', '0000-00-00', 1, 'BULK', '92,89,90,93,91,94', 'COLLECT', '2022-03-02 02:23:15', 1345),
(417, 92, 13, NULL, '2021-05-04', '07:52:55', 1, 0, 500, 'CHEQUE', '0', '0000-00-00', 1, 'BULK', '92,89,90,93,91,94', 'COLLECT', '2022-03-02 02:23:15', 1346),
(418, 93, 13, NULL, '2021-05-04', '07:52:55', 1, 0, 500, 'CHEQUE', '0', '0000-00-00', 1, 'BULK', '92,89,90,93,91,94', 'COLLECT', '2022-03-02 02:23:15', 1347),
(419, 94, 13, NULL, '2021-05-04', '07:52:55', 1, 0, 500, 'CHEQUE', '0', '0000-00-00', 1, 'BULK', '92,89,90,93,91,94', 'COLLECT', '2022-03-02 02:23:15', 1348),
(420, 89, 13, NULL, '2021-06-16', '07:53:41', 1, 0, 500, 'CHEQUE', '0', '0000-00-00', 1, 'BULK', '89,90,93,91,94', 'COLLECT', '2022-03-02 02:24:24', 1349),
(421, 90, 13, NULL, '2021-06-16', '07:53:41', 1, 0, 500, 'CHEQUE', '0', '0000-00-00', 1, 'BULK', '89,90,93,91,94', 'COLLECT', '2022-03-02 02:24:25', 1350),
(422, 91, 13, NULL, '2021-06-16', '07:53:41', 1, 0, 500, 'CHEQUE', '0', '0000-00-00', 1, 'BULK', '89,90,93,91,94', 'COLLECT', '2022-03-02 02:24:25', 1351),
(423, 93, 13, NULL, '2021-06-16', '07:53:41', 1, 0, 500, 'CHEQUE', '0', '0000-00-00', 1, 'BULK', '89,90,93,91,94', 'COLLECT', '2022-03-02 02:24:25', 1352),
(424, 94, 13, NULL, '2021-06-16', '07:53:41', 1, 0, 500, 'CHEQUE', '0', '0000-00-00', 1, 'BULK', '89,90,93,91,94', 'COLLECT', '2022-03-02 02:24:25', 1353),
(425, 90, 13, NULL, '2021-07-26', '07:55:40', 1, 0, 500, 'CHEQUE', '0', '0000-00-00', 1, 'BULK', '90,93,91,94', 'COLLECT', '2022-03-02 02:27:04', 1354),
(426, 91, 13, NULL, '2021-07-26', '07:55:40', 1, 0, 500, 'CHEQUE', '0', '0000-00-00', 1, 'BULK', '90,93,91,94', 'COLLECT', '2022-03-02 02:27:04', 1355),
(427, 93, 13, NULL, '2021-07-26', '07:55:40', 1, 0, 500, 'CHEQUE', '0', '0000-00-00', 1, 'BULK', '90,93,91,94', 'COLLECT', '2022-03-02 02:27:04', 1356),
(428, 94, 13, NULL, '2021-07-26', '07:55:40', 1, 0, 500, 'CHEQUE', '0', '0000-00-00', 1, 'BULK', '90,93,91,94', 'COLLECT', '2022-03-02 02:27:04', 1357),
(429, 90, 13, NULL, '2021-08-13', '07:57:15', 1, 0, 500, 'CHEQUE', '0', '0000-00-00', 1, 'BULK', '90,93,91,94', 'COLLECT', '2022-03-02 02:27:30', 1358),
(430, 91, 13, NULL, '2021-08-13', '07:57:15', 1, 0, 500, 'CHEQUE', '0', '0000-00-00', 1, 'BULK', '90,93,91,94', 'COLLECT', '2022-03-02 02:27:30', 1359),
(431, 93, 13, NULL, '2021-08-13', '07:57:15', 1, 0, 500, 'CHEQUE', '0', '0000-00-00', 1, 'BULK', '90,93,91,94', 'COLLECT', '2022-03-02 02:27:30', 1360),
(432, 94, 13, NULL, '2021-08-13', '07:57:15', 1, 0, 500, 'CHEQUE', '0', '0000-00-00', 1, 'BULK', '90,93,91,94', 'COLLECT', '2022-03-02 02:27:30', 1361),
(433, 90, 13, NULL, '2021-09-28', '07:57:40', 1, 0, 500, 'CHEQUE', '0', '0000-00-00', 1, 'BULK', '90,93,91,94', 'COLLECT', '2022-03-02 02:27:56', 1362),
(434, 91, 13, NULL, '2021-09-28', '07:57:40', 1, 0, 500, 'CHEQUE', '0', '0000-00-00', 1, 'BULK', '90,93,91,94', 'COLLECT', '2022-03-02 02:27:56', 1363),
(435, 93, 13, NULL, '2021-09-28', '07:57:40', 1, 0, 500, 'CHEQUE', '0', '0000-00-00', 1, 'BULK', '90,93,91,94', 'COLLECT', '2022-03-02 02:27:56', 1364),
(436, 94, 13, NULL, '2021-09-28', '07:57:40', 1, 0, 500, 'CHEQUE', '0', '0000-00-00', 1, 'BULK', '90,93,91,94', 'COLLECT', '2022-03-02 02:27:56', 1365),
(437, 90, 13, NULL, '2021-11-17', '07:58:11', 1, 0, 500, 'CHEQUE', '0', '0000-00-00', 1, 'BULK', '90,93,91,94', 'COLLECT', '2022-03-02 02:28:20', 1366),
(438, 91, 13, NULL, '2021-11-17', '07:58:11', 1, 0, 500, 'CHEQUE', '0', '0000-00-00', 1, 'BULK', '90,93,91,94', 'COLLECT', '2022-03-02 02:28:20', 1367),
(439, 93, 13, NULL, '2021-11-17', '07:58:11', 1, 0, 500, 'CHEQUE', '0', '0000-00-00', 1, 'BULK', '90,93,91,94', 'COLLECT', '2022-03-02 02:28:21', 1368),
(440, 94, 13, NULL, '2021-11-17', '07:58:11', 1, 0, 500, 'CHEQUE', '0', '0000-00-00', 1, 'BULK', '90,93,91,94', 'COLLECT', '2022-03-02 02:28:21', 1369),
(441, 90, 13, NULL, '2021-11-17', '07:58:27', 1, 0, 500, 'CHEQUE', '0', '0000-00-00', 1, 'BULK', '90,93,91,94', 'COLLECT', '2022-03-02 02:28:38', 1370),
(442, 91, 13, NULL, '2021-11-17', '07:58:27', 1, 0, 500, 'CHEQUE', '0', '0000-00-00', 1, 'BULK', '90,93,91,94', 'COLLECT', '2022-03-02 02:28:38', 1371),
(443, 93, 13, NULL, '2021-11-17', '07:58:27', 1, 0, 500, 'CHEQUE', '0', '0000-00-00', 1, 'BULK', '90,93,91,94', 'COLLECT', '2022-03-02 02:28:38', 1372),
(444, 94, 13, NULL, '2021-11-17', '07:58:27', 1, 0, 500, 'CHEQUE', '0', '0000-00-00', 1, 'BULK', '90,93,91,94', 'COLLECT', '2022-03-02 02:28:38', 1373),
(445, 90, 13, NULL, '2021-12-21', '07:59:16', 1, 0, 500, 'CHEQUE', '0', '0000-00-00', 1, 'BULK', '90,93,91,94', 'COLLECT', '2022-03-02 02:29:30', 1374),
(446, 91, 13, NULL, '2021-12-21', '07:59:16', 1, 0, 500, 'CHEQUE', '0', '0000-00-00', 1, 'BULK', '90,93,91,94', 'COLLECT', '2022-03-02 02:29:30', 1375),
(447, 93, 13, NULL, '2021-12-21', '07:59:16', 1, 0, 500, 'CHEQUE', '0', '0000-00-00', 1, 'BULK', '90,93,91,94', 'COLLECT', '2022-03-02 02:29:30', 1376),
(448, 94, 13, NULL, '2021-12-21', '07:59:16', 1, 0, 500, 'CHEQUE', '0', '0000-00-00', 1, 'BULK', '90,93,91,94', 'COLLECT', '2022-03-02 02:29:30', 1377),
(449, 90, 13, NULL, '2022-01-21', '07:59:37', 1, 0, 500, 'CHEQUE', '0', '0000-00-00', 1, 'BULK', '90,93,91,94', 'COLLECT', '2022-03-02 02:29:50', 1378),
(450, 91, 13, NULL, '2022-01-21', '07:59:37', 1, 0, 500, 'CHEQUE', '0', '0000-00-00', 1, 'BULK', '90,93,91,94', 'COLLECT', '2022-03-02 02:29:50', 1379),
(451, 93, 13, NULL, '2022-01-21', '07:59:37', 1, 0, 500, 'CHEQUE', '0', '0000-00-00', 1, 'BULK', '90,93,91,94', 'COLLECT', '2022-03-02 02:29:50', 1380),
(452, 94, 13, NULL, '2022-01-21', '07:59:37', 1, 0, 500, 'CHEQUE', '0', '0000-00-00', 1, 'BULK', '90,93,91,94', 'COLLECT', '2022-03-02 02:29:50', 1381);

-- --------------------------------------------------------

--
-- Table structure for table `schools_detail`
--

CREATE TABLE `schools_detail` (
  `id` bigint(100) NOT NULL,
  `school_name` varchar(200) CHARACTER SET utf8 COLLATE utf8_unicode_ci DEFAULT NULL,
  `trust_name` varchar(200) CHARACTER SET utf8 COLLATE utf8_unicode_ci DEFAULT NULL,
  `full_address` varchar(200) CHARACTER SET utf8 COLLATE utf8_unicode_ci DEFAULT NULL,
  `city` varchar(200) CHARACTER SET utf8 COLLATE utf8_unicode_ci DEFAULT NULL,
  `taluk` varchar(200) CHARACTER SET utf8 COLLATE utf8_unicode_ci DEFAULT NULL,
  `district` varchar(200) CHARACTER SET utf8 COLLATE utf8_unicode_ci DEFAULT NULL,
  `state` varchar(200) CHARACTER SET utf8 COLLATE utf8_unicode_ci DEFAULT NULL,
  `register_number` varchar(200) DEFAULT NULL,
  `mobile_number` varchar(100) DEFAULT NULL,
  `user` int(100) NOT NULL,
  `entry_time` timestamp NOT NULL DEFAULT CURRENT_TIMESTAMP
) ENGINE=MyISAM DEFAULT CHARSET=latin1;

--
-- Dumping data for table `schools_detail`
--

INSERT INTO `schools_detail` (`id`, `school_name`, `trust_name`, `full_address`, `city`, `taluk`, `district`, `state`, `register_number`, `mobile_number`, `user`, `entry_time`) VALUES
(1, 'S.R.S.    ', '', '', '', '', '', 'KARNATAKA', '', '', 1, '2022-01-16 04:46:33'),
(2, 'D.D.M.   ', '', '', '', '', '', 'KARNATAKA', '', '', 1, '2022-01-16 04:47:10'),
(3, 'N.E.S.   ', '', '', '', '', '', 'KARNATAKA', '', '', 1, '2022-01-16 04:48:02'),
(4, 'S. S.   ', '', '', '', '', '', 'KARNATAKA', '', '', 1, '2022-01-16 04:48:47'),
(5, 'S.G.R   ', '', '', '', '', '', 'KARNATAKA', '', '', 1, '2022-01-16 04:49:25'),
(6, '   ', '', '', '', '', '', 'KARNATAKA', '', '', 1, '2022-01-16 04:50:25'),
(7, '    ', '', '', '', '', '', 'KARNATAKA', '', '', 1, '2022-01-16 04:51:21'),
(8, 'G.G.G.  ', '', '', '', '', '', 'KARNATAKA', '', '', 1, '2022-01-16 04:51:52'),
(9, 'G.V.H.     ', '', '', '', '', '', 'KARNATAKA', '', '', 1, '2022-01-16 04:52:45'),
(10, 'S.M.S.   ', '', '', '', '', '', 'KARNATAKA', '', '', 1, '2022-01-16 04:53:25'),
(11, '   ', '', '', '', '', '', 'KARNATAKA', '', '', 1, '2022-01-16 04:54:01'),
(12, '   ', '', '', '', '', '', 'KARNATAKA', '', '', 1, '2022-01-16 04:54:22'),
(13, 'J.P.    ', '', '', '', '', '', 'KARNATAKA', '', '', 1, '2022-01-16 04:54:50'),
(14, '    ', '', '', '', '', '', 'KARNATAKA', '', '', 1, '2022-01-16 04:56:32'),
(15, 'M.G.   ', '', '', '', '', '', 'KARNATAKA', '', '', 1, '2022-01-16 04:57:05'),
(16, 'G.V.H.  ', '', '', '', '', '', 'KARNATAKA', '', '', 1, '2022-01-16 04:57:40'),
(17, '    ', '', '', '', '', '', 'KARNATAKA', '', '', 1, '2022-01-16 04:58:16'),
(18, 'S.R.S.P.U  ', '', '', '', '', '', 'KARNATAKA', '', '', 1, '2022-01-16 04:58:44'),
(20, 'universal', NULL, NULL, NULL, NULL, NULL, NULL, NULL, NULL, 0, '2022-02-01 05:52:06');

-- --------------------------------------------------------

--
-- Table structure for table `states`
--

CREATE TABLE `states` (
  `id` bigint(100) NOT NULL,
  `state` varchar(200) COLLATE utf8_unicode_ci NOT NULL
) ENGINE=InnoDB DEFAULT CHARSET=utf8 COLLATE=utf8_unicode_ci;

--
-- Dumping data for table `states`
--

INSERT INTO `states` (`id`, `state`) VALUES
(1, 'Jammu and Kashmir'),
(2, 'Himachal Pradesh'),
(3, 'Punjab'),
(4, 'Chandigarh'),
(5, 'Uttarakhand'),
(6, 'Haryana'),
(7, 'Delhi'),
(8, 'Rajasthan'),
(9, 'Uttar Pradesh'),
(10, 'Bihar'),
(11, 'Sikkim'),
(12, 'Arunachal Pradesh'),
(13, 'Nagaland'),
(14, 'Manipur'),
(15, 'Mizoram'),
(16, 'Tripura'),
(17, 'Meghalaya'),
(18, 'Assam'),
(19, 'West Bengal'),
(20, 'Jharkhand'),
(21, 'Orissa'),
(22, 'Chhattisgarh'),
(23, 'Madhya Pradesh'),
(24, 'Gujarat'),
(25, 'Daman & Diu'),
(26, 'Dadra & Nagar Haveli'),
(27, 'Maharashtra'),
(28, 'Andhra Pradesh'),
(29, 'Karnataka'),
(30, 'Goa'),
(31, 'Lakshadweep'),
(32, 'Kerala'),
(33, 'Tamil Nadu'),
(34, 'Puducherry'),
(35, 'Andaman & Nicobar Islands'),
(36, 'Telengana'),
(37, 'Andrapradesh(New)');

-- --------------------------------------------------------

--
-- Table structure for table `teachers_detail`
--

CREATE TABLE `teachers_detail` (
  `id` bigint(200) NOT NULL,
  `school_id` bigint(100) DEFAULT NULL,
  `employee_number` varchar(100) COLLATE utf8_unicode_ci DEFAULT NULL,
  `photo` varchar(250) COLLATE utf8_unicode_ci DEFAULT NULL,
  `teacher_name` varchar(200) COLLATE utf8_unicode_ci DEFAULT NULL,
  `designation` varchar(200) COLLATE utf8_unicode_ci DEFAULT NULL,
  `date_of_birth` date DEFAULT NULL,
  `city` varchar(200) COLLATE utf8_unicode_ci DEFAULT NULL,
  `taluk` varchar(100) COLLATE utf8_unicode_ci DEFAULT NULL,
  `district` varchar(200) COLLATE utf8_unicode_ci DEFAULT NULL,
  `state` varchar(200) COLLATE utf8_unicode_ci DEFAULT NULL,
  `full_address` varchar(200) COLLATE utf8_unicode_ci DEFAULT NULL,
  `ration_card_number` varchar(200) COLLATE utf8_unicode_ci DEFAULT NULL,
  `paan_card_number` varchar(200) COLLATE utf8_unicode_ci DEFAULT NULL,
  `aadhaar_number` varchar(200) COLLATE utf8_unicode_ci DEFAULT NULL,
  `mobile_number` varchar(200) COLLATE utf8_unicode_ci DEFAULT NULL,
  `username` varchar(100) COLLATE utf8_unicode_ci DEFAULT NULL,
  `password` varchar(100) COLLATE utf8_unicode_ci DEFAULT NULL,
  `caste` varchar(200) COLLATE utf8_unicode_ci DEFAULT NULL,
  `sub_caste` varchar(100) COLLATE utf8_unicode_ci DEFAULT NULL,
  `user` int(100) NOT NULL,
  `status` int(10) NOT NULL,
  `entry_time` timestamp NOT NULL DEFAULT CURRENT_TIMESTAMP
) ENGINE=InnoDB DEFAULT CHARSET=utf8 COLLATE=utf8_unicode_ci;

--
-- Dumping data for table `teachers_detail`
--

INSERT INTO `teachers_detail` (`id`, `school_id`, `employee_number`, `photo`, `teacher_name`, `designation`, `date_of_birth`, `city`, `taluk`, `district`, `state`, `full_address`, `ration_card_number`, `paan_card_number`, `aadhaar_number`, `mobile_number`, `username`, `password`, `caste`, `sub_caste`, `user`, `status`, `entry_time`) VALUES
(1, 1, '', NULL, ' S.N.', 'HEAD MASTER', '0000-00-00', '', '', '', 'KARNATAKA', '', '', '', '', '', NULL, '1234', '', '', 1, 0, '2022-01-16 09:18:09'),
(2, 1, '', NULL, '.S.S.', 'TEACHER', '0000-00-00', '', '', '', 'KARNATAKA', '', '', '', '', '', NULL, '1234', '', '', 1, 0, '2022-01-16 09:18:44'),
(3, 1, '', NULL, '.N.A.', 'TEACHER', '0000-00-00', '', '', '', 'KARNATAKA', '', '', '', '', '', NULL, '1234', '', '', 1, 0, '2022-01-16 09:21:19'),
(5, 1, '', NULL, '.B.N.', 'TEACHER', '0000-00-00', '', '', '', 'KARNATAKA', '', '', '', '', '', NULL, '1234', '', '', 1, 0, '2022-01-16 09:22:35'),
(6, 1, '', NULL, 'M.N.', 'TEACHER', '0000-00-00', '', '', '', 'KARNATAKA', '', '', '', '', '', '1', '1234', '', '', 1, 0, '2022-01-16 09:23:26'),
(7, 1, '', NULL, '. S.', 'TEACHER', '0000-00-00', '', '', '', 'KARNATAKA', '', '', '', '', '', NULL, '1234', '', '', 1, 0, '2022-01-16 09:24:17'),
(8, 1, '', NULL, '. M.D', 'TEACHER', '0000-00-00', '', '', '', 'KARNATAKA', '', '', '', '', '', NULL, '1234', '', '', 1, 0, '2022-01-16 09:24:51'),
(9, 1, '', NULL, '.V.S.', 'TEACHER', '0000-00-00', '', '', '', 'KARNATAKA', '', '', '', '', '', '2', '1234', '', '', 1, 0, '2022-01-16 09:25:19'),
(10, 1, '', NULL, ' ', 'TEACHER', '0000-00-00', '', '', '', 'KARNATAKA', '', '', '', '', '', NULL, '1234', '', '', 1, 0, '2022-01-16 09:29:13'),
(11, 2, '', NULL, ' G.D.', 'TEACHER', '0000-00-00', '', '', '', 'KARNATAKA', '', '', '', '', '', NULL, '1234', '', '', 1, 0, '2022-01-16 15:00:08'),
(12, 2, '', NULL, ' U.S.', 'TEACHER', '0000-00-00', '', '', '', 'KARNATAKA', '', '', '', '', '', NULL, '1234', '', '', 1, 0, '2022-01-16 15:01:12'),
(13, 2, '', NULL, '.G.S.', 'TEACHER', '0000-00-00', '', '', '', 'KARNATAKA', '', '', '', '', '', NULL, '1234', '', '', 1, 0, '2022-01-16 15:02:25'),
(14, 2, '', NULL, '.M.S.', 'TEACHER', '0000-00-00', '', '', '', 'KARNATAKA', '', '', '', '', '', NULL, '1234', '', '', 1, 0, '2022-01-16 15:03:34'),
(15, 2, '', NULL, '.R.M.', 'TEACHER', '0000-00-00', '', '', '', 'KARNATAKA', '', '', '', '', '', NULL, '1234', '', '', 1, 0, '2022-01-16 15:04:20'),
(16, 2, '', NULL, '.G.', 'TEACHER', '0000-00-00', '', '', '', 'KARNATAKA', '', '', '', '', '', NULL, '1234', '', '', 1, 0, '2022-01-16 15:05:16'),
(17, 2, '', NULL, '.B.G.', 'TEACHER', '0000-00-00', '', '', '', 'KARNATAKA', '', '', '', '', '', NULL, '1234', '', '', 1, 0, '2022-01-16 15:06:05'),
(18, 2, '', NULL, '.H.M.', 'TEACHER', '0000-00-00', '', '', '', 'KARNATAKA', '', '', '', '', '', NULL, '1234', '', '', 1, 0, '2022-01-16 15:06:53'),
(19, 2, '', NULL, '.F.N.', 'TEACHER', '0000-00-00', '', '', '', 'KARNATAKA', '', '', '', '', '', NULL, '1234', '', '', 1, 0, '2022-01-16 15:08:13'),
(20, 2, '', NULL, '.M.K.', 'TEACHER', '0000-00-00', '', '', '', 'KARNATAKA', '', '', '', '', '', NULL, '1234', '', '', 1, 0, '2022-01-16 15:09:03'),
(21, 3, '', NULL, '.Geeta.A.', 'HEAD MASTER', '0000-00-00', '', '', '', 'KARNATAKA', '', '', '', '', '', NULL, '1234', '', '', 1, 0, '2022-01-16 15:17:05'),
(22, 3, '', NULL, '.M.S.', 'TEACHER', '0000-00-00', '', '', '', 'KARNATAKA', '', '', '', '', '', '9740951297', '12345', '', '', 1, 0, '2022-01-16 15:17:58'),
(23, 3, '', NULL, '.Geeta.A.B', 'TEACHER', '0000-00-00', '', '', '', 'KARNATAKA', '', '', '', '', '', NULL, '1234', '', '', 1, 0, '2022-01-16 15:19:09'),
(24, 3, '', NULL, '.H.G.', 'TEACHER', '0000-00-00', '', '', '', 'KARNATAKA', '', '', '', '', '', NULL, '1234', '', '', 1, 0, '2022-01-16 15:20:03'),
(25, 3, '', NULL, '.M.S.', 'TEACHER', '0000-00-00', '', '', '', 'KARNATAKA', '', '', '', '', '', NULL, '1234', '', '', 1, 0, '2022-01-16 15:33:29'),
(26, 3, '', NULL, 'S.T.', 'TEACHER', '0000-00-00', '', '', '', 'KARNATAKA', '', '', '', '', '', NULL, '1234', '', '', 1, 0, '2022-01-16 15:34:13'),
(27, 3, '', NULL, '.P.B.', 'TEACHER', '0000-00-00', '', '', '', 'KARNATAKA', '', '', '', '', '', '9844505307', '12345', '', '', 1, 0, '2022-01-16 15:35:02'),
(28, 3, '', NULL, '.G.S.', 'TEACHER', '0000-00-00', '', '', '', 'KARNATAKA', '', '', '', '', '', NULL, '1234', '', '', 1, 0, '2022-01-16 15:35:53'),
(29, 4, '', NULL, '.R.D.', 'HEAD MASTER', '0000-00-00', '', '', '', 'KARNATAKA', '', '', '', '', '', NULL, '1234', '', '', 1, 0, '2022-01-16 15:42:40'),
(30, 4, '', NULL, '.R.M.', 'TEACHER', '0000-00-00', '', '', '', 'KARNATAKA', '', '', '', '', '', NULL, '1234', '', '', 1, 0, '2022-01-16 15:43:57'),
(31, 4, '', NULL, '.H,T,', 'TEACHER', '0000-00-00', '', '', '', 'KARNATAKA', '', '', '', '', '', NULL, '1234', '', '', 1, 0, '2022-01-16 15:44:54'),
(32, 4, '', NULL, '.R.S.', 'TEACHER', '0000-00-00', '', '', '', 'KARNATAKA', '', '', '', '', '', NULL, '1234', '', '', 1, 0, '2022-01-16 15:45:26'),
(33, 4, '', NULL, '..M.Y.', 'TEACHER', '0000-00-00', '', '', '', 'KARNATAKA', '', '', '', '', '', NULL, '1234', '', '', 1, 0, '2022-01-16 15:46:09'),
(34, 4, '', NULL, '.S.S.', 'TEACHER', '0000-00-00', '', '', '', 'KARNATAKA', '', '', '', '', '', NULL, '1234', '', '', 1, 0, '2022-01-16 15:47:09'),
(35, 4, '', NULL, '.S.B.', 'TEACHER', '0000-00-00', '', '', '', 'KARNATAKA', '', '', '', '', '', NULL, '1234', '', '', 1, 0, '2022-01-16 15:47:57'),
(36, 4, '', NULL, '.S.D.', 'TEACHER', '0000-00-00', '', '', '', 'KARNATAKA', '', '', '', '', '', '3', '1234', '', '', 1, 0, '2022-01-16 15:48:34'),
(37, 4, '', NULL, '.N.F.', 'TEACHER', '0000-00-00', '', '', '', 'KARNATAKA', '', '', '', '', '', NULL, '1234', '', '', 1, 0, '2022-01-16 15:49:14'),
(38, 5, '', NULL, '.S.Y.', 'HEAD MASTER', '0000-00-00', '', '', '', 'KARNATAKA', '', '', '', '', '', NULL, '1234', '', '', 1, 0, '2022-01-16 16:19:38'),
(39, 5, '', NULL, '.K.B.', 'TEACHER', '0000-00-00', '', '', '', 'KARNATAKA', '', '', '', '', '', NULL, '1234', '', '', 1, 0, '2022-01-16 16:20:11'),
(40, 5, '', NULL, '.M.V.', 'HEAD MASTER', '0000-00-00', '', '', '', 'KARNATAKA', '', '', '', '', '', NULL, '1234', '', '', 1, 0, '2022-01-16 16:21:05'),
(41, 5, '', NULL, '.P.B.', 'HEAD MASTER', '0000-00-00', '', '', '', 'KARNATAKA', '', '', '', '', '', NULL, '1234', '', '', 1, 0, '2022-01-16 16:21:58'),
(42, 5, '', NULL, '.M.J.', 'TEACHER', '0000-00-00', '', '', '', 'KARNATAKA', '', '', '', '', '', NULL, '1234', '', '', 1, 0, '2022-01-16 16:22:43'),
(43, 5, '', NULL, '.R.K.', 'TEACHER', '0000-00-00', '', '', '', 'KARNATAKA', '', '', '', '', '', NULL, '1234', '', '', 1, 0, '2022-01-16 16:23:19'),
(44, 6, '', NULL, '.B.V.', 'HEAD MASTER', '0000-00-00', '', '', '', 'KARNATAKA', '', '', '', '', '', NULL, '1234', '', '', 1, 0, '2022-01-16 16:29:31'),
(45, 6, '', NULL, '.S.D.', 'HEAD MASTER', '0000-00-00', '', '', '', 'KARNATAKA', '', '', '', '', '', NULL, '1234', '', '', 1, 0, '2022-01-16 16:30:09'),
(46, 6, '', NULL, '.S.C.', 'TEACHER', '0000-00-00', '', '', '', 'KARNATAKA', '', '', '', '', '', NULL, '1234', '', '', 1, 0, '2022-01-16 16:31:12'),
(47, 6, '', NULL, '.S.A.', 'TEACHER', '0000-00-00', '', '', '', 'KARNATAKA', '', '', '', '', '', NULL, '1234', '', '', 1, 0, '2022-01-16 16:32:15'),
(49, 6, '', NULL, '.B.M.', 'TEACHER', '0000-00-00', '', '', '', 'KARNATAKA', '', '', '', '', '', NULL, '1234', '', '', 1, 0, '2022-01-17 14:44:54'),
(50, 7, '', NULL, '.S.M.', 'HEAD MASTER', '0000-00-00', '', '', '', 'KARNATAKA', '', '', '', '', '', NULL, '1234', '', '', 1, 0, '2022-01-17 14:48:43'),
(51, 7, '', NULL, '.N.G.', 'TEACHER', '0000-00-00', '', '', '', 'KARNATAKA', '', '', '', '', '', NULL, '1234', '', '', 1, 0, '2022-01-17 14:49:40'),
(52, 7, '', NULL, '.S.V.', 'TEACHER', '0000-00-00', '', '', '', 'KARNATAKA', '', '', '', '', '', NULL, '1234', '', '', 1, 0, '2022-01-17 14:50:11'),
(53, 7, '', NULL, '.R.H.', 'TEACHER', '0000-00-00', '', '', '', 'KARNATAKA', '', '', '', '', '', NULL, '1234', '', '', 1, 0, '2022-01-17 14:50:51'),
(54, 7, '', NULL, '.N.S.', 'TEACHER', '0000-00-00', '', '', '', 'KARNATAKA', '', '', '', '', '', NULL, '1234', '', '', 1, 0, '2022-01-17 14:51:32'),
(55, 7, '', NULL, '.A.B.', 'TEACHER', '0000-00-00', '', '', '', 'KARNATAKA', '', '', '', '', '', NULL, '1234', '', '', 1, 0, '2022-01-17 14:52:09'),
(56, 8, '', NULL, '.S.M.', 'HEAD MASTER', '0000-00-00', '', '', '', 'KARNATAKA', '', '', '', '', '', NULL, '1234', '', '', 1, 0, '2022-01-17 14:56:05'),
(57, 8, '', NULL, '.M.P.', 'TEACHER', '0000-00-00', '', '', '', 'KARNATAKA', '', '', '', '', '', NULL, '1234', '', '', 1, 0, '2022-01-17 14:56:46'),
(58, 8, '', NULL, '.K.R.', 'TEACHER', '0000-00-00', '', '', '', 'KARNATAKA', '', '', '', '', '', NULL, '1234', '', '', 1, 0, '2022-01-17 14:57:17'),
(59, 8, '', NULL, '.M.S.', 'TEACHER', '0000-00-00', '', '', '', 'KARNATAKA', '', '', '', '', '', NULL, '1234', '', '', 1, 0, '2022-01-17 14:58:00'),
(60, 8, '', NULL, '.N.F.', 'TEACHER', '0000-00-00', '', '', '', 'KARNATAKA', '', '', '', '', '', NULL, '1234', '', '', 1, 0, '2022-01-17 14:58:40'),
(61, 8, '', NULL, '.N.M.', 'TEACHER', '0000-00-00', '', '', '', 'KARNATAKA', '', '', '', '', '', NULL, '1234', '', '', 1, 0, '2022-01-17 14:59:40'),
(63, 8, '', NULL, '.S.L.', 'TEACHER', '0000-00-00', '', '', '', 'KARNATAKA', '', '', '', '', '', NULL, '1234', '', '', 1, 0, '2022-01-17 15:00:55'),
(64, 8, '', NULL, '.F.V.', 'D-GROUP', '0000-00-00', '', '', '', 'KARNATAKA', '', '', '', '', '', '', '1234', '', '', 1, 0, '2022-01-17 15:01:40'),
(65, 9, '', NULL, 'V.S.', 'TEACHER', '0000-00-00', '', '', '', 'KARNATAKA', '', '', '', '', '', NULL, '1234', '', '', 1, 0, '2022-01-17 15:08:04'),
(66, 9, '', NULL, '.N.B.', 'TEACHER', '0000-00-00', '', '', '', 'KARNATAKA', '', '', '', '', '', NULL, '1234', '', '', 1, 0, '2022-01-17 15:08:39'),
(67, 9, '', NULL, '.N.M.', 'TEACHER', '0000-00-00', '', '', '', 'KARNATAKA', '', '', '', '', '', NULL, '1234', '', '', 1, 0, '2022-01-17 15:09:15'),
(68, 9, '', NULL, '.R.M.', 'TEACHER', '0000-00-00', '', '', '', 'KARNATAKA', '', '', '', '', '', NULL, '1234', '', '', 1, 0, '2022-01-17 15:10:03'),
(69, 9, '', NULL, '.A.G.', 'TEACHER', '0000-00-00', '', '', '', 'KARNATAKA', '', '', '', '', '', NULL, '1234', '', '', 1, 0, '2022-01-17 15:10:41'),
(70, 9, '', NULL, '.A.V.', 'PE TEACHER', '0000-00-00', '', '', '', 'KARNATAKA', '', '', '', '', '', NULL, '1234', '', '', 1, 0, '2022-01-17 15:11:28'),
(71, 9, '', NULL, '.Y.D.', 'TEACHER', '0000-00-00', '', '', '', 'KARNATAKA', '', '', '', '', '', NULL, '1234', '', '', 1, 0, '2022-01-17 15:12:38'),
(72, 9, '', NULL, '.P.V.', 'TEACHER', '0000-00-00', '', '', '', 'KARNATAKA', '', '', '', '', '', 'user1', '1234', '', '', 1, 0, '2022-01-17 15:13:04'),
(73, 10, '', NULL, '.A.B.', 'TEACHER', '0000-00-00', '', '', '', 'KARNATAKA', '', '', '', '', '', NULL, '1234', '', '', 1, 0, '2022-01-17 15:18:49'),
(74, 10, '', NULL, '.N.R.', 'TEACHER', '0000-00-00', '', '', '', 'KARNATAKA', '', '', '', '', '', NULL, '1234', '', '', 1, 0, '2022-01-17 15:19:23'),
(75, 12, '', NULL, '.C.Y.', 'HEAD MASTER', '0000-00-00', '', '', '', 'KARNATAKA', '', '', '', '', '', NULL, '1234', '', '', 1, 0, '2022-01-18 03:59:25'),
(76, 12, '', NULL, '. ', 'TEACHER', '0000-00-00', '', '', '', 'KARNATAKA', '', '', '', '', '', NULL, '1234', '', '', 1, 0, '2022-01-18 04:00:30'),
(77, 12, '', NULL, 'S.C.', 'TEACHER', '0000-00-00', '', '', '', 'KARNATAKA', '', '', '', '', '', NULL, '1234', '', '', 1, 0, '2022-01-18 04:01:30'),
(78, 12, '', NULL, '..T.R.', 'TEACHER', '0000-00-00', '', '', '', 'KARNATAKA', '', '', '', '', '', NULL, '1234', '', '', 1, 0, '2022-01-18 04:02:08'),
(79, 12, '', NULL, '.  ', 'TEACHER', '0000-00-00', '', '', '', 'KARNATAKA', '', '', '', '', '', NULL, '1234', '', '', 1, 0, '2022-01-18 04:02:55'),
(80, 12, '', NULL, '.L.Y. ', 'TEACHER', '0000-00-00', '', '', '', 'KARNATAKA', '', '', '', '', '', NULL, '1234', '', '', 1, 0, '2022-01-18 04:03:39'),
(81, 11, '', NULL, '.A. H. ', 'TEACHER', '0000-00-00', '', '', '', 'KARNATAKA', '', '', '', '', '', NULL, '1234', '', '', 1, 0, '2022-01-18 13:52:26'),
(82, 11, '', NULL, '.C.R.', 'TEACHER', '0000-00-00', '', '', '', 'KARNATAKA', '', '', '', '', '', NULL, '1234', '', '', 1, 0, '2022-01-18 13:53:18'),
(83, 11, '', NULL, '.S. R. ', 'TEACHER', '0000-00-00', '', '', '', 'KARNATAKA', '', '', '', '', '', NULL, '1234', '', '', 1, 0, '2022-01-18 14:19:52'),
(84, 11, '', NULL, '.S.N.', 'TEACHER', '0000-00-00', '', '', '', 'KARNATAKA', '', '', '', '', '', NULL, '1234', '', '', 1, 0, '2022-01-18 14:21:00'),
(85, 11, '', NULL, '.B.C. ', 'TEACHER', '0000-00-00', '', '', '', 'KARNATAKA', '', '', '', '', '', NULL, '1234', '', '', 1, 0, '2022-01-18 14:22:19'),
(86, 11, '', NULL, '.S.S.', 'TEACHER', '0000-00-00', '', '', '', 'KARNATAKA', '', '', '', '', '', NULL, '1234', '', '', 1, 0, '2022-01-18 14:23:05'),
(87, 11, '', NULL, '.R. B. ', 'TEACHER', '0000-00-00', '', '', '', 'KARNATAKA', '', '', '', '', '', NULL, '1234', '', '', 1, 0, '2022-01-18 14:23:57'),
(88, 11, '', NULL, 'P.V.', 'TEACHER', '0000-00-00', '', '', '', 'KARNATAKA', '', '', '', '', '', NULL, '1234', '', '', 1, 0, '2022-01-18 14:27:58'),
(89, 13, '', NULL, '..A.L.', 'TEACHER', '0000-00-00', '', '', '', 'KARNATAKA', '', '', '', '', '', NULL, '1234', '', '', 1, 0, '2022-01-18 14:39:18'),
(90, 13, '', NULL, '..S.N. ', 'TEACHER', '0000-00-00', '', '', '', 'KARNATAKA', '', '', '', '', '', NULL, '1234', '', '', 1, 0, '2022-01-18 14:39:56'),
(91, 13, '', NULL, '.S.B.', 'TEACHER', '0000-00-00', '', '', '', 'KARNATAKA', '', '', '', '', '', NULL, '1234', '', '', 1, 0, '2022-01-18 14:40:37'),
(92, 13, '', NULL, '. S.S.', 'TEACHER', '0000-00-00', '', '', '', 'KARNATAKA', '', '', '', '', '', NULL, '1234', '', '', 1, 0, '2022-01-18 14:41:09'),
(93, 13, '', NULL, '.G.B.', 'TEACHER', '0000-00-00', '', '', '', 'KARNATAKA', '', '', '', '', '', NULL, '1234', '', '', 1, 0, '2022-01-18 14:41:56'),
(94, 13, '', NULL, '..K.', 'TEACHER', '0000-00-00', '', '', '', 'KARNATAKA', '', '', '', '', '', NULL, '1234', '', '', 1, 0, '2022-01-18 14:43:54'),
(95, 14, '', NULL, '.N.M.', 'TEACHER', '0000-00-00', '', '', '', 'KARNATAKA', '', '', '', '', '', NULL, '1234', '', '', 1, 0, '2022-01-18 14:50:59'),
(96, 14, '', NULL, '.V.H.', 'TEACHER', '0000-00-00', '', '', '', 'KARNATAKA', '', '', '', '', '', NULL, '1234', '', '', 1, 0, '2022-01-18 14:52:47'),
(97, 14, '', NULL, '.S.N.', 'TEACHER', '0000-00-00', '', '', '', 'KARNATAKA', '', '', '', '', '', NULL, '1234', '', '', 1, 0, '2022-01-18 14:53:48'),
(98, 14, '', NULL, '.J.B.', 'HEAD MASTER', '0000-00-00', '', '', '', 'KARNATAKA', '', '', '', '', '', NULL, '1234', '', '', 1, 0, '2022-01-18 14:54:27'),
(99, 15, '', NULL, '.M.G.', 'HEAD MASTER', '0000-00-00', '', '', '', 'KARNATAKA', '', '', '', '', '', NULL, '1234', '', '', 1, 0, '2022-01-18 15:02:26'),
(100, 15, '', NULL, '.A.B.', 'TEACHER', '0000-00-00', '', '', '', 'KARNATAKA', '', '', '', '', '', NULL, '1234', '', '', 1, 0, '2022-01-18 15:04:04'),
(101, 15, '', NULL, '.B.G.', 'TEACHER', '0000-00-00', '', '', '', 'KARNATAKA', '', '', '', '', '', NULL, '1234', '', '', 1, 0, '2022-01-18 15:05:16'),
(102, 15, '', NULL, '.M.S.', 'TEACHER', '0000-00-00', '', '', '', 'KARNATAKA', '', '', '', '', '', NULL, '1234', '', '', 1, 0, '2022-01-18 15:07:05'),
(103, 15, '', NULL, '.B.M.', 'TEACHER', '0000-00-00', '', '', '', 'KARNATAKA', '', '', '', '', '', NULL, '1234', '', '', 1, 0, '2022-01-18 15:08:12'),
(104, 15, '', NULL, '.M.G.', 'TEACHER', '0000-00-00', '', '', '', 'KARNATAKA', '', '', '', '', '', NULL, '1234', '', '', 1, 0, '2022-01-18 15:09:18'),
(105, 15, '', NULL, '.G.B.', 'TEACHER', '0000-00-00', '', '', '', 'KARNATAKA', '', '', '', '', '', NULL, '1234', '', '', 1, 0, '2022-01-18 15:10:05'),
(106, 15, '', NULL, '.S.C..', 'TEACHER', '0000-00-00', '', '', '', 'KARNATAKA', '', '', '', '', '', NULL, '1234', '', '', 1, 0, '2022-01-18 15:10:56'),
(107, 15, '', NULL, '.L.C.', 'TEACHER', '0000-00-00', '', '', '', 'KARNATAKA', '', '', '', '', '', NULL, '1234', '', '', 1, 0, '2022-01-18 15:11:49'),
(108, 16, '', NULL, '.M.H.', 'TEACHER', '0000-00-00', '', '', '', 'KARNATAKA', '', '', '', '', '', NULL, '1234', '', '', 1, 0, '2022-01-18 15:29:45'),
(109, 16, '', NULL, '.S.D.', 'FDA', '0000-00-00', '', '', '', 'KARNATAKA', '', '', '', '', '', NULL, '1234', '', '', 1, 0, '2022-01-18 15:30:59'),
(110, 16, '', NULL, '.G.G.', 'D-GROUP', '0000-00-00', '', '', '', 'KARNATAKA', '', '', '', '', '', NULL, '1234', '', '', 1, 0, '2022-01-18 15:31:32'),
(111, 17, '', NULL, '.V.V.', 'TEACHER', '0000-00-00', '', '', '', 'KARNATAKA', '', '', '', '', '', NULL, '1234', '', '', 1, 0, '2022-01-18 15:39:12'),
(112, 17, '', NULL, '.R.D.', 'TEACHER', '0000-00-00', '', '', '', 'KARNATAKA', '', '', '', '', '', NULL, '1234', '', '', 1, 0, '2022-01-18 15:40:06'),
(113, 17, '', NULL, '.H.M.', 'TEACHER', '0000-00-00', '', '', '', 'KARNATAKA', '', '', '', '', '', NULL, '1234', '', '', 1, 0, '2022-01-18 15:40:38'),
(114, 0, NULL, NULL, 'ADMIN', 'ADMIN', NULL, NULL, NULL, NULL, NULL, NULL, NULL, NULL, NULL, NULL, 'ADMIN', '1234', NULL, NULL, 0, 0, '2022-02-01 05:35:10'),
(129, 8, '', NULL, 'Shri. M. S. Madlu', 'TEACHER', '0000-00-00', 'HOSARITTI ', 'Haveri ', 'Haveri ', 'KARNATAKA', '', '', '', '', '', '9663336894', '12345', '', '', 114, 0, '2022-03-08 12:05:30');

-- --------------------------------------------------------

--
-- Table structure for table `teachers_share_loan_set`
--

CREATE TABLE `teachers_share_loan_set` (
  `id` bigint(200) NOT NULL,
  `teacher_id` bigint(200) NOT NULL,
  `school_id` bigint(100) NOT NULL,
  `share` double NOT NULL,
  `loan` double NOT NULL,
  `interest` double NOT NULL,
  `date` date NOT NULL,
  `entrytime` timestamp NOT NULL DEFAULT CURRENT_TIMESTAMP
) ENGINE=InnoDB DEFAULT CHARSET=latin1;

--
-- Dumping data for table `teachers_share_loan_set`
--

INSERT INTO `teachers_share_loan_set` (`id`, `teacher_id`, `school_id`, `share`, `loan`, `interest`, `date`, `entrytime`) VALUES
(1, 1, 1, 500, 0, 0, '2022-01-16', '2022-01-16 09:18:09'),
(2, 2, 1, 500, 5000, 775, '2022-01-16', '2022-01-16 09:18:45'),
(3, 3, 1, 500, 5000, 775, '2022-01-16', '2022-01-16 09:21:19'),
(4, 4, 1, 500, 5000, 775, '2022-01-16', '2022-01-16 09:21:50'),
(5, 5, 1, 500, 3334, 616, '2022-01-16', '2022-01-16 09:22:35'),
(6, 6, 1, 1000, 0, 0, '2022-02-10', '2022-01-16 09:23:26'),
(7, 7, 1, 500, 5000, 775, '2022-01-16', '2022-01-16 09:24:17'),
(8, 8, 1, 500, 5000, 775, '2022-01-16', '2022-01-16 09:24:51'),
(9, 9, 1, 500, 5000, 775, '2022-02-10', '2022-01-16 09:25:19'),
(10, 10, 1, 500, 5000, 775, '2022-01-16', '2022-01-16 09:29:13'),
(11, 11, 2, 500, 0, 0, '2022-01-16', '2022-01-16 15:00:08'),
(12, 12, 2, 500, 3334, 616, '2022-01-16', '2022-01-16 15:01:12'),
(13, 13, 2, 500, 5000, 775, '2022-01-16', '2022-01-16 15:02:25'),
(14, 14, 2, 500, 0, 0, '2022-01-16', '2022-01-16 15:03:34'),
(15, 15, 2, 500, 0, 0, '2022-01-16', '2022-01-16 15:04:20'),
(16, 16, 2, 500, 3334, 616, '2022-01-16', '2022-01-16 15:05:16'),
(17, 17, 2, 500, 5000, 775, '2022-01-16', '2022-01-16 15:06:05'),
(18, 18, 2, 500, 5000, 775, '2022-01-16', '2022-01-16 15:06:53'),
(19, 19, 2, 500, 5000, 775, '2022-01-16', '2022-01-16 15:08:13'),
(20, 20, 2, 500, 3334, 616, '2022-01-16', '2022-01-16 15:09:04'),
(21, 21, 3, 1000, 0, 0, '2022-01-26', '2022-01-16 15:17:05'),
(22, 22, 3, 500, 5000, 775, '2022-03-12', '2022-01-16 15:17:58'),
(23, 23, 3, 1000, 0, 0, '2022-01-26', '2022-01-16 15:19:09'),
(24, 24, 3, 1000, 0, 0, '2022-01-26', '2022-01-16 15:20:03'),
(25, 25, 3, 1000, 0, 0, '2022-01-26', '2022-01-16 15:33:29'),
(26, 26, 3, 1000, 5000, 775, '2022-01-26', '2022-01-16 15:34:13'),
(27, 27, 3, 1000, 5000, 775, '2022-03-12', '2022-01-16 15:35:02'),
(28, 28, 3, 0, 0, 0, '2022-01-26', '2022-01-16 15:35:53'),
(29, 29, 4, 500, 0, 0, '2022-01-16', '2022-01-16 15:42:40'),
(30, 30, 4, 500, 0, 0, '2022-01-16', '2022-01-16 15:43:57'),
(31, 31, 4, 500, 0, 0, '2022-01-16', '2022-01-16 15:44:54'),
(32, 32, 4, 500, 0, 0, '2022-01-16', '2022-01-16 15:45:26'),
(33, 33, 4, 500, 0, 0, '2022-01-16', '2022-01-16 15:46:09'),
(34, 34, 4, 500, 0, 0, '2022-01-16', '2022-01-16 15:47:09'),
(35, 35, 4, 500, 0, 0, '2022-01-16', '2022-01-16 15:47:57'),
(36, 36, 4, 500, 0, 0, '2022-02-28', '2022-01-16 15:48:34'),
(37, 37, 4, 500, 3334, 616, '2022-01-16', '2022-01-16 15:49:14'),
(38, 38, 5, 500, 0, 0, '2022-01-16', '2022-01-16 16:19:38'),
(39, 39, 5, 500, 0, 0, '2022-01-16', '2022-01-16 16:20:11'),
(40, 40, 5, 500, 0, 0, '2022-01-16', '2022-01-16 16:21:05'),
(41, 41, 5, 500, 0, 0, '2022-01-16', '2022-01-16 16:21:58'),
(42, 42, 5, 500, 0, 0, '2022-01-16', '2022-01-16 16:22:43'),
(43, 43, 5, 500, 0, 0, '2022-01-16', '2022-01-16 16:23:19'),
(44, 44, 6, 500, 5000, 775, '2022-01-16', '2022-01-16 16:29:31'),
(45, 45, 6, 500, 0, 0, '2022-01-16', '2022-01-16 16:30:09'),
(46, 46, 6, 500, 3334, 512, '2022-01-16', '2022-01-16 16:31:12'),
(47, 47, 6, 500, 0, 0, '2022-01-16', '2022-01-16 16:32:15'),
(48, 48, 6, 500, 0, 0, '2022-01-16', '2022-01-16 16:33:12'),
(49, 49, 6, 500, 0, 0, '2022-01-17', '2022-01-17 14:44:54'),
(50, 50, 7, 500, 3334, 616, '2022-01-17', '2022-01-17 14:48:43'),
(51, 51, 7, 500, 3334, 616, '2022-01-17', '2022-01-17 14:49:40'),
(52, 52, 7, 500, 0, 0, '2022-01-17', '2022-01-17 14:50:11'),
(53, 53, 7, 500, 0, 0, '2022-01-17', '2022-01-17 14:50:51'),
(54, 54, 7, 500, 5000, 775, '2022-01-17', '2022-01-17 14:51:32'),
(55, 55, 7, 500, 0, 0, '2022-01-17', '2022-01-17 14:52:09'),
(56, 56, 8, 500, 0, 0, '2022-01-17', '2022-01-17 14:56:05'),
(57, 57, 8, 500, 0, 0, '2022-01-17', '2022-01-17 14:56:46'),
(58, 58, 8, 500, 0, 0, '2022-01-17', '2022-01-17 14:57:17'),
(59, 59, 8, 500, 5000, 775, '2022-01-17', '2022-01-17 14:58:00'),
(60, 60, 8, 500, 3334, 512, '2022-01-17', '2022-01-17 14:58:40'),
(61, 61, 8, 500, 0, 0, '2022-01-17', '2022-01-17 14:59:40'),
(62, 62, 8, 500, 0, 0, '2022-01-17', '2022-01-17 15:00:20'),
(63, 63, 8, 500, 5000, 775, '2022-01-17', '2022-01-17 15:00:55'),
(64, 64, 8, 500, 5000, 775, '2022-02-18', '2022-01-17 15:01:40'),
(65, 65, 9, 1000, 3334, 512, '2022-01-17', '2022-01-17 15:08:04'),
(66, 66, 9, 500, 0, 0, '2022-01-17', '2022-01-17 15:08:39'),
(67, 67, 9, 500, 0, 0, '2022-01-17', '2022-01-17 15:09:15'),
(68, 68, 9, 1000, 0, 0, '2022-01-17', '2022-01-17 15:10:03'),
(69, 69, 9, 500, 0, 0, '2022-01-17', '2022-01-17 15:10:41'),
(70, 70, 9, 500, 5000, 775, '2022-01-17', '2022-01-17 15:11:28'),
(71, 71, 9, 500, 5000, 775, '2022-01-17', '2022-01-17 15:12:38'),
(72, 72, 9, 500, 0, 0, '2022-03-08', '2022-01-17 15:13:04'),
(73, 73, 10, 500, 3334, 616, '2022-01-17', '2022-01-17 15:18:49'),
(74, 74, 10, 500, 0, 0, '2022-01-17', '2022-01-17 15:19:23'),
(75, 75, 12, 500, 5000, 775, '2022-01-18', '2022-01-18 03:59:25'),
(76, 76, 12, 500, 0, 0, '2022-01-18', '2022-01-18 04:00:30'),
(77, 77, 12, 500, 0, 0, '2022-01-18', '2022-01-18 04:01:31'),
(78, 78, 12, 500, 0, 0, '2022-01-18', '2022-01-18 04:02:08'),
(79, 79, 12, 500, 0, 0, '2022-01-18', '2022-01-18 04:02:55'),
(80, 80, 12, 500, 0, 0, '2022-01-18', '2022-01-18 04:03:39'),
(81, 81, 11, 500, 0, 0, '2022-01-18', '2022-01-18 13:52:26'),
(82, 82, 11, 500, 5000, 775, '2022-01-18', '2022-01-18 13:53:18'),
(83, 83, 11, 500, 5000, 775, '2022-01-18', '2022-01-18 14:19:53'),
(84, 84, 11, 500, 0, 0, '2022-01-18', '2022-01-18 14:21:00'),
(85, 85, 11, 500, 0, 0, '2022-01-18', '2022-01-18 14:22:19'),
(86, 86, 11, 500, 0, 0, '2022-01-18', '2022-01-18 14:23:06'),
(87, 87, 11, 500, 3334, 616, '2022-01-18', '2022-01-18 14:23:57'),
(88, 88, 11, 500, 5000, 775, '2022-01-18', '2022-01-18 14:27:58'),
(89, 89, 13, 500, 0, 0, '2022-01-18', '2022-01-18 14:39:18'),
(90, 90, 13, 500, 0, 0, '2022-01-18', '2022-01-18 14:39:56'),
(91, 91, 13, 500, 0, 0, '2022-01-18', '2022-01-18 14:40:37'),
(92, 92, 13, 500, 0, 0, '2022-01-18', '2022-01-18 14:41:09'),
(93, 93, 13, 500, 0, 0, '2022-01-18', '2022-01-18 14:41:56'),
(94, 94, 13, 500, 0, 0, '2022-01-18', '2022-01-18 14:43:54'),
(95, 95, 14, 500, 0, 0, '2022-01-18', '2022-01-18 14:50:59'),
(96, 96, 14, 500, 0, 0, '2022-01-18', '2022-01-18 14:52:47'),
(97, 97, 14, 500, 0, 0, '2022-01-18', '2022-01-18 14:53:48'),
(98, 98, 14, 500, 5000, 775, '2022-01-18', '2022-01-18 14:54:27'),
(99, 99, 15, 1000, 5000, 775, '2022-01-27', '2022-01-18 15:02:26'),
(100, 100, 15, 1000, 5000, 775, '2022-01-27', '2022-01-18 15:04:04'),
(101, 101, 15, 1000, 3334, 616, '2022-01-18', '2022-01-18 15:05:17'),
(102, 102, 15, 1000, 5000, 775, '2022-01-18', '2022-01-18 15:07:06'),
(103, 103, 15, 1000, 5000, 775, '2022-01-18', '2022-01-18 15:08:12'),
(104, 104, 15, 1000, 0, 0, '2022-01-18', '2022-01-18 15:09:18'),
(105, 105, 15, 1000, 5000, 775, '2022-01-18', '2022-01-18 15:10:05'),
(106, 106, 15, 1000, 0, 0, '2022-01-18', '2022-01-18 15:10:56'),
(107, 107, 15, 1000, 0, 0, '2022-01-18', '2022-01-18 15:11:49'),
(108, 108, 16, 500, 0, 0, '2022-01-18', '2022-01-18 15:29:45'),
(109, 109, 16, 10000, 0, 0, '2022-01-18', '2022-01-18 15:30:59'),
(110, 110, 16, 6000, 0, 0, '2022-01-18', '2022-01-18 15:31:32'),
(111, 111, 17, 500, 0, 0, '2022-01-18', '2022-01-18 15:39:12'),
(112, 112, 17, 500, 0, 0, '2022-01-18', '2022-01-18 15:40:07'),
(113, 113, 17, 500, 0, 0, '2022-01-18', '2022-01-18 15:40:38'),
(114, 117, 1, 1, 2, 0, '2022-03-08', '2022-02-15 05:20:14'),
(115, 126, 17, 1000, 0, 0, '2022-03-08', '2022-03-08 08:24:26'),
(116, 127, 17, 1000, 1000, 0, '2022-03-08', '2022-03-08 08:30:33'),
(117, 128, 17, 1000, 1000, 0, '2022-03-08', '2022-03-08 09:01:03'),
(118, 129, 8, 0, 0, 0, '2022-03-08', '2022-03-08 12:05:30');

-- --------------------------------------------------------

--
-- Table structure for table `users`
--

CREATE TABLE `users` (
  `user_id` bigint(10) NOT NULL,
  `user_name` varchar(500) COLLATE utf8_unicode_ci NOT NULL,
  `user_password` varchar(100) COLLATE utf8_unicode_ci NOT NULL,
  `role` varchar(100) COLLATE utf8_unicode_ci NOT NULL,
  `user_privileges` varchar(500) COLLATE utf8_unicode_ci NOT NULL
) ENGINE=InnoDB DEFAULT CHARSET=utf8 COLLATE=utf8_unicode_ci;

--
-- Dumping data for table `users`
--

INSERT INTO `users` (`user_id`, `user_name`, `user_password`, `role`, `user_privileges`) VALUES
(1, 'admin', '9008553523', 'admin', 'prev');

--
-- Indexes for dumped tables
--

--
-- Indexes for table `banks`
--
ALTER TABLE `banks`
  ADD PRIMARY KEY (`id`);

--
-- Indexes for table `expense_detail`
--
ALTER TABLE `expense_detail`
  ADD PRIMARY KEY (`id`);

--
-- Indexes for table `financial_years`
--
ALTER TABLE `financial_years`
  ADD PRIMARY KEY (`id`);

--
-- Indexes for table `loan_details`
--
ALTER TABLE `loan_details`
  ADD PRIMARY KEY (`id`),
  ADD KEY `FK_teacherids3` (`teacher_id`);

--
-- Indexes for table `loan_ledger`
--
ALTER TABLE `loan_ledger`
  ADD PRIMARY KEY (`id`),
  ADD KEY `FK_teacherids33` (`teacher_id`);

--
-- Indexes for table `otherfees_detail`
--
ALTER TABLE `otherfees_detail`
  ADD PRIMARY KEY (`id`),
  ADD KEY `FK_teacherids4` (`teacher_id`);

--
-- Indexes for table `savings_ledger`
--
ALTER TABLE `savings_ledger`
  ADD PRIMARY KEY (`id`),
  ADD KEY `FK_teacherids32` (`teacher_id`);

--
-- Indexes for table `schools_detail`
--
ALTER TABLE `schools_detail`
  ADD PRIMARY KEY (`id`);

--
-- Indexes for table `states`
--
ALTER TABLE `states`
  ADD PRIMARY KEY (`id`);

--
-- Indexes for table `teachers_detail`
--
ALTER TABLE `teachers_detail`
  ADD PRIMARY KEY (`id`),
  ADD UNIQUE KEY `username` (`username`);

--
-- Indexes for table `teachers_share_loan_set`
--
ALTER TABLE `teachers_share_loan_set`
  ADD PRIMARY KEY (`id`);

--
-- Indexes for table `users`
--
ALTER TABLE `users`
  ADD PRIMARY KEY (`user_id`);

--
-- AUTO_INCREMENT for dumped tables
--

--
-- AUTO_INCREMENT for table `banks`
--
ALTER TABLE `banks`
  MODIFY `id` bigint(100) NOT NULL AUTO_INCREMENT, AUTO_INCREMENT=3;

--
-- AUTO_INCREMENT for table `expense_detail`
--
ALTER TABLE `expense_detail`
  MODIFY `id` bigint(100) NOT NULL AUTO_INCREMENT;

--
-- AUTO_INCREMENT for table `financial_years`
--
ALTER TABLE `financial_years`
  MODIFY `id` bigint(100) NOT NULL AUTO_INCREMENT, AUTO_INCREMENT=2;

--
-- AUTO_INCREMENT for table `loan_details`
--
ALTER TABLE `loan_details`
  MODIFY `id` bigint(100) NOT NULL AUTO_INCREMENT, AUTO_INCREMENT=47;

--
-- AUTO_INCREMENT for table `loan_ledger`
--
ALTER TABLE `loan_ledger`
  MODIFY `id` bigint(100) NOT NULL AUTO_INCREMENT, AUTO_INCREMENT=186;

--
-- AUTO_INCREMENT for table `otherfees_detail`
--
ALTER TABLE `otherfees_detail`
  MODIFY `id` bigint(100) NOT NULL AUTO_INCREMENT;

--
-- AUTO_INCREMENT for table `savings_ledger`
--
ALTER TABLE `savings_ledger`
  MODIFY `id` bigint(100) NOT NULL AUTO_INCREMENT, AUTO_INCREMENT=453;

--
-- AUTO_INCREMENT for table `schools_detail`
--
ALTER TABLE `schools_detail`
  MODIFY `id` bigint(100) NOT NULL AUTO_INCREMENT, AUTO_INCREMENT=21;

--
-- AUTO_INCREMENT for table `states`
--
ALTER TABLE `states`
  MODIFY `id` bigint(100) NOT NULL AUTO_INCREMENT, AUTO_INCREMENT=38;

--
-- AUTO_INCREMENT for table `teachers_detail`
--
ALTER TABLE `teachers_detail`
  MODIFY `id` bigint(200) NOT NULL AUTO_INCREMENT, AUTO_INCREMENT=130;

--
-- AUTO_INCREMENT for table `teachers_share_loan_set`
--
ALTER TABLE `teachers_share_loan_set`
  MODIFY `id` bigint(200) NOT NULL AUTO_INCREMENT, AUTO_INCREMENT=119;

--
-- AUTO_INCREMENT for table `users`
--
ALTER TABLE `users`
  MODIFY `user_id` bigint(10) NOT NULL AUTO_INCREMENT, AUTO_INCREMENT=2;

--
-- Constraints for dumped tables
--

--
-- Constraints for table `loan_details`
--
ALTER TABLE `loan_details`
  ADD CONSTRAINT `FK_teacherids3` FOREIGN KEY (`teacher_id`) REFERENCES `teachers_detail` (`id`) ON DELETE CASCADE;

--
-- Constraints for table `loan_ledger`
--
ALTER TABLE `loan_ledger`
  ADD CONSTRAINT `FK_teacherids33` FOREIGN KEY (`teacher_id`) REFERENCES `teachers_detail` (`id`) ON DELETE CASCADE;

--
-- Constraints for table `otherfees_detail`
--
ALTER TABLE `otherfees_detail`
  ADD CONSTRAINT `FK_teacherids4` FOREIGN KEY (`teacher_id`) REFERENCES `teachers_detail` (`id`) ON DELETE CASCADE;

--
-- Constraints for table `savings_ledger`
--
ALTER TABLE `savings_ledger`
  ADD CONSTRAINT `FK_teacherids32` FOREIGN KEY (`teacher_id`) REFERENCES `teachers_detail` (`id`) ON DELETE CASCADE;
COMMIT;

/*!40101 SET CHARACTER_SET_CLIENT=@OLD_CHARACTER_SET_CLIENT */;
/*!40101 SET CHARACTER_SET_RESULTS=@OLD_CHARACTER_SET_RESULTS */;
/*!40101 SET COLLATION_CONNECTION=@OLD_COLLATION_CONNECTION */;
